Workbook

Sheet Summary
A1: Test | B1: Condition | C1: IAE | D1: ISE | E1: A→B Overshoot (%) | F1: A→B Fall Time (s) | G1: B→A Overshoot (%) | H1: B→A Rise Time (s)
A2: Baseline | B2: Clean | C2: =sensor_log_baseline!S4 -> 86.022033 | D2: =sensor_log_baseline!S5 -> 456.83424 | E2: =sensor_log_baseline!S11 -> 17.269039 | F2: =sensor_log_baseline!S13 -> 1.2548101 | G2: =sensor_log_baseline!S24 -> 14.849102 | H2: =sensor_log_baseline!S26 -> 6.3232801
B3: TC | C3: =sensor_log_baseline_tc!S4 -> 93.833179 | D3: =sensor_log_baseline_tc!S5 -> 561.79674 | E3: =sensor_log_baseline_tc!S11 -> 33.351962 | F3: =sensor_log_baseline_tc!S13 -> 1.4051402 | G3: =sensor_log_baseline_tc!S24 -> 11.332667 | H3: =sensor_log_baseline_tc!S26 -> 3.4122598
A5: CPU Stress | B5: Degraded | C5: =sensor_log_cpu!S4 -> 110.52882 | D5: =sensor_log_cpu!S5 -> 749.88803 | E5: =sensor_log_cpu!S12 -> 8.0145439 | F5: =sensor_log_cpu!S15 -> 2.3075202 | G5: =sensor_log_cpu!S27 -> 1.8873572 | H5: =sensor_log_cpu!S30 -> 7.8306899
B6: TC | C6: =sensor_log_cpu_tc!S5 -> 93.003131 | D6: =sensor_log_cpu_tc!S6 -> 587.16069 | E6: =sensor_log_cpu_tc!S12 -> 11.490091 | F6: =sensor_log_cpu_tc!S14 -> 1.6550601 | G6: =sensor_log_cpu_tc!S25 -> 28.035736 | H6: =sensor_log_cpu_tc!S27 -> 4.9150701
A8: Iperf Stress | B8: Degraded | C8: =sensor_log_iperf!S5 -> 259.7695 | D8: =sensor_log_iperf!S6 -> 2880.521 | E8: =sensor_log_iperf!S13 -> 51.60199 | F8: =sensor_log_iperf!S16 -> 2.8110001 | G8: =sensor_log_iperf!S28 -> 34.598386 | H8: =sensor_log_iperf!S31 -> 3.61255
B9: TC | C9: =sensor_log_iperf_tc!S5 -> 73.664053 | D9: =sensor_log_iperf_tc!S6 -> 411.3435 | E9: =sensor_log_iperf_tc!S12 -> 13.725344 | F9: =sensor_log_iperf_tc!S14 -> 1.6561501 | G9: =sensor_log_iperf_tc!S25 -> 5.2811265 | H9: =sensor_log_iperf_tc!S27 -> 2.4583499

Sheet sensor_log_baseline
A1: timestamp | B1: distance | C1: setpoint | D1: duty | E1: delay_ms | F1: loss_rate | G1: osc_a | H1: osc_b | I1: osc_period | J1: next_setpoint | K1: switch_in | L1: pid_status | M1: Time Step (dt) | N1: Error (E) | O1: |E| * dt | P1: E^2 * dt
A2: 1.7646154e+09 | B2: 45.664597 | C2: 20 | D2: 0 | E2: 0 | F2: 0 | G2: 20 | H2: 30 | I2: 20 | J2: 30 | K2: 0 | L2: STOPPED | M2: (Time Between Samples) | N2: (Instantaneous Tracking Error) | O2: (Instantaneous Area under the Absolute Error Curve) | P2: (Instantaneous Area under the Squared Error Curve) | R2: SUM dt | S2: =SUM(M440:M1236) -> 39.9953 | T2: Only sum during oscillation periods
A3: 1.7646154e+09 | B3: 45.566463 | C3: 20 | D3: 0 | E3: 0 | F3: 0 | G3: 20 | H3: 30 | I3: 20 | J3: 30 | K3: 0 | L3: STOPPED | M3: =A3-A2 -> 0.047379971 | N3: =C3-B3 -> -25.566463 | O3: =ABS(N3)*M3 -> 1.2113383 | P3: =N3^2 * M3 -> 30.969636 | Q3: =IF(C3<>C2, "OSCILLATION", "--") -> -- | R3: SUM E | S3: =SUM(N440:N1236) -> -1038.5778
A4: 1.7646154e+09 | B4: 45.300686 | C4: 20 | D4: 0 | E4: 0 | F4: 0 | G4: 20 | H4: 30 | I4: 20 | J4: 30 | K4: 0 | L4: STOPPED | M4: =A4-A3 -> 0.051009893 | N4: =C4-B4 -> -25.300686 | O4: =ABS(N4)*M4 -> 1.2905853 | P4: =N4^2 * M4 -> 32.652694 | Q4: =IF(C4<>C3, "OSCILLATION", "--") -> -- | R4: ="SUM "&O1 -> SUM |E| * dt | S4: =SUM(O440:O1236) -> 86.022033 | T4: Total Integral Absolute Error (IAE)
A5: 1.7646154e+09 | B5: 45.631886 | C5: 20 | D5: 0 | E5: 0 | F5: 0 | G5: 20 | H5: 30 | I5: 20 | J5: 30 | K5: 0 | L5: STOPPED | M5: =A5-A4 -> 0.050420046 | N5: =C5-B5 -> -25.631886 | O5: =ABS(N5)*M5 -> 1.2923608 | P5: =N5^2 * M5 -> 33.125645 | Q5: =IF(C5<>C4, "OSCILLATION", "--") -> -- | R5: ="SUM "&P1 -> SUM E^2 * dt | S5: =SUM(P440:P1236) -> 456.83424 | T5: Total Integral Squared Error (ISE)
A6: 1.7646154e+09 | B6: 46.081662 | C6: 20 | D6: 0 | E6: 0 | F6: 0 | G6: 20 | H6: 30 | I6: 20 | J6: 30 | K6: 0 | L6: STOPPED | M6: =A6-A5 -> 0.049220085 | N6: =C6-B6 -> -26.081662 | O6: =ABS(N6)*M6 -> 1.2837416 | P6: =N6^2 * M6 -> 33.482116 | Q6: =IF(C6<>C5, "OSCILLATION", "--") -> --
A7: 1.7646154e+09 | B7: 47.696769 | C7: 20 | D7: 0 | E7: 0 | F7: 0 | G7: 20 | H7: 30 | I7: 20 | J7: 30 | K7: 0 | L7: STOPPED | M7: =A7-A6 -> 0.050799847 | N7: =C7-B7 -> -27.696769 | O7: =ABS(N7)*M7 -> 1.4069916 | P7: =N7^2 * M7 -> 38.969122 | Q7: =IF(C7<>C6, "OSCILLATION", "--") -> -- | R7: OSCILLATION | S7: A->B | T7: =A1236-A440 -> 39.94523 | U7: =T8/T7 -> 19.927286
A8: 1.7646154e+09 | B8: 45.03082 | C8: 20 | D8: 0 | E8: 0 | F8: 0 | G8: 20 | H8: 30 | I8: 20 | J8: 30 | K8: 0 | L8: STOPPED | M8: =A8-A7 -> 0.049520016 | N8: =C8-B8 -> -25.03082 | O8: =ABS(N8)*M8 -> 1.2395266 | P8: =N8^2 * M8 -> 31.026368 | Q8: =IF(C8<>C7, "OSCILLATION", "--") -> -- | R8: Rows: | S8: 440:837 | T8: =1236-440 -> 796
A9: 1.7646154e+09 | B9: 46.044862 | C9: 20 | D9: 0 | E9: 0 | F9: 0 | G9: 20 | H9: 30 | I9: 20 | J9: 30 | K9: 0 | L9: STOPPED | M9: =A9-A8 -> 0.051350117 | N9: =C9-B9 -> -26.044862 | O9: =ABS(N9)*M9 -> 1.3374067 | P9: =N9^2 * M9 -> 34.832574 | Q9: =IF(C9<>C8, "OSCILLATION", "--") -> -- | R9: SP_new | S9: =30 -> 30
A10: 1.7646154e+09 | B10: 45.885396 | C10: 20 | D10: 0 | E10: 0 | F10: 0 | G10: 20 | H10: 30 | I10: 20 | J10: 30 | K10: 0 | L10: STOPPED | M10: =A10-A9 -> 0.050839901 | N10: =C10-B10 -> -25.885396 | O10: =ABS(N10)*M10 -> 1.316011 | P10: =N10^2 * M10 -> 34.065465 | Q10: =IF(C10<>C9, "OSCILLATION", "--") -> -- | R10: PV_peak | S10: =_xlfn.MAXIFS(B440:B837, B440:B837, "<60") -> 35.180712
A11: 1.7646154e+09 | B11: 45.795441 | C11: 20 | D11: 0 | E11: 0 | F11: 0 | G11: 20 | H11: 30 | I11: 20 | J11: 30 | K11: 0 | L11: STOPPED | M11: =A11-A10 -> 0.048939943 | N11: =C11-B11 -> -25.795441 | O11: =ABS(N11)*M11 -> 1.2624274 | P11: =N11^2 * M11 -> 32.564871 | Q11: =IF(C11<>C10, "OSCILLATION", "--") -> -- | R11: Overshoot (%) | S11: =(ABS(S10-S9)/S9)*100 -> 17.269039 | T11: A lower percentage here means less overshoot/better stability.
A12: 1.7646154e+09 | B12: 45.648241 | C12: 20 | D12: 0 | E12: 0 | F12: 0 | G12: 20 | H12: 30 | I12: 20 | J12: 30 | K12: 0 | L12: STOPPED | M12: =A12-A11 -> 0.050710201 | N12: =C12-B12 -> -25.648241 | O12: =ABS(N12)*M12 -> 1.3006275 | P12: =N12^2 * M12 -> 33.358807 | Q12: =IF(C12<>C11, "OSCILLATION", "--") -> --
A13: 1.7646154e+09 | B13: 45.280242 | C13: 20 | D13: 0 | E13: 0 | F13: 0 | G13: 20 | H13: 30 | I13: 20 | J13: 30 | K13: 0 | L13: STOPPED | M13: =A13-A12 -> 0.049679995 | N13: =C13-B13 -> -25.280242 | O13: =ABS(N13)*M13 -> 1.2559223 | P13: =N13^2 * M13 -> 31.750019 | Q13: =IF(C13<>C12, "OSCILLATION", "--") -> -- | R13: Fall Time: | S13: =S18-S17 -> 1.2548101 | T13: A lower time here means faster response to the "fan off" command.
A14: 1.7646154e+09 | B14: 42.279005 | C14: 20 | D14: 0 | E14: 0 | F14: 0 | G14: 20 | H14: 30 | I14: 20 | J14: 30 | K14: 0 | L14: STOPPED | M14: =A14-A13 -> 0.051839828 | N14: =C14-B14 -> -22.279005 | O14: =ABS(N14)*M14 -> 1.1549398 | P14: =N14^2 * M14 -> 25.73091 | Q14: =IF(C14<>C13, "OSCILLATION", "--") -> -- | R14: Total Change (cm) | S14: =30-20 -> 10
A15: 1.7646154e+09 | B15: 45.546019 | C15: 20 | D15: 0 | E15: 0 | F15: 0 | G15: 20 | H15: 30 | I15: 20 | J15: 30 | K15: 0 | L15: STOPPED | M15: =A15-A14 -> 0.048900127 | N15: =C15-B15 -> -25.546019 | O15: =ABS(N15)*M15 -> 1.2492036 | P15: =N15^2 * M15 -> 31.912179 | Q15: =IF(C15<>C14, "OSCILLATION", "--") -> -- | R15: 10% Point (PV_10) (cm) | S15: =20+(10*0.1) -> 21
A16: 1.7646154e+09 | B16: 45.631886 | C16: 20 | D16: 0 | E16: 0 | F16: 0 | G16: 20 | H16: 30 | I16: 20 | J16: 30 | K16: 0 | L16: STOPPED | M16: =A16-A15 -> 0.050309896 | N16: =C16-B16 -> -25.631886 | O16: =ABS(N16)*M16 -> 1.2895375 | P16: =N16^2 * M16 -> 33.053278 | Q16: =IF(C16<>C15, "OSCILLATION", "--") -> -- | R16: 90% Point (PV_90) (cm) | S16: =20+(10*0.9) -> 29
A17: 1.7646154e+09 | B17: 45.554197 | C17: 20 | D17: 0 | E17: 0 | F17: 0 | G17: 20 | H17: 30 | I17: 20 | J17: 30 | K17: 0 | L17: STOPPED | M17: =A17-A16 -> 0.050510168 | N17: =C17-B17 -> -25.554197 | O17: =ABS(N17)*M17 -> 1.2907468 | P17: =N17^2 * M17 -> 32.983997 | Q17: =IF(C17<>C16, "OSCILLATION", "--") -> -- | R17: Time at 10% | S17: =A442 -> 1.7646154e+09 | T17: Row 442 | U17: (First row after setpoint change where distance ≥ 21)
A18: 1.7646154e+09 | B18: 46.371973 | C18: 20 | D18: 0 | E18: 0 | F18: 0 | G18: 20 | H18: 30 | I18: 20 | J18: 30 | K18: 0 | L18: STOPPED | M18: =A18-A17 -> 0.050159931 | N18: =C18-B18 -> -26.371973 | O18: =ABS(N18)*M18 -> 1.3228163 | P18: =N18^2 * M18 -> 34.885276 | Q18: =IF(C18<>C17, "OSCILLATION", "--") -> -- | R18: Time at 90% | S18: =A467 -> 1.7646154e+09 | T18: Row 467 | U18: (First row after setpoint change where distance ≥ 29)
A19: 1.7646154e+09 | B19: 45.120776 | C19: 20 | D19: 0 | E19: 0 | F19: 0 | G19: 20 | H19: 30 | I19: 20 | J19: 30 | K19: 0 | L19: STOPPED | M19: =A19-A18 -> 0.050029993 | N19: =C19-B19 -> -25.120776 | O19: =ABS(N19)*M19 -> 1.2567922 | P19: =N19^2 * M19 -> 31.571596 | Q19: =IF(C19<>C18, "OSCILLATION", "--") -> --
A20: 1.7646154e+09 | B20: 45.995796 | C20: 20 | D20: 0 | E20: 0 | F20: 0 | G20: 20 | H20: 30 | I20: 20 | J20: 30 | K20: 0 | L20: STOPPED | M20: =A20-A19 -> 0.05053997 | N20: =C20-B20 -> -25.995796 | O20: =ABS(N20)*M20 -> 1.3138267 | P20: =N20^2 * M20 -> 34.153972 | Q20: =IF(C20<>C19, "OSCILLATION", "--") -> -- | R20: OSCILLATION | S20: B->A
A21: 1.7646154e+09 | B21: 46.63775 | C21: 20 | D21: 0 | E21: 0 | F21: 0 | G21: 20 | H21: 30 | I21: 20 | J21: 30 | K21: 0 | L21: STOPPED | M21: =A21-A20 -> 0.049720049 | N21: =C21-B21 -> -26.63775 | O21: =ABS(N21)*M21 -> 1.3244302 | P21: =N21^2 * M21 -> 35.279841 | Q21: =IF(C21<>C20, "OSCILLATION", "--") -> -- | R21: Rows: | S21: 838:1236
A22: 1.7646154e+09 | B22: 46.093929 | C22: 20 | D22: 0 | E22: 0 | F22: 0 | G22: 20 | H22: 30 | I22: 20 | J22: 30 | K22: 0 | L22: STOPPED | M22: =A22-A21 -> 0.05005002 | N22: =C22-B22 -> -26.093929 | O22: =ABS(N22)*M22 -> 1.3060017 | P22: =N22^2 * M22 -> 34.078714 | Q22: =IF(C22<>C21, "OSCILLATION", "--") -> -- | R22: SP_new | S22: =20 -> 20
A23: 1.7646154e+09 | B23: 45.623708 | C23: 20 | D23: 0 | E23: 0 | F23: 0 | G23: 20 | H23: 30 | I23: 20 | J23: 30 | K23: 0 | L23: STOPPED | M23: =A23-A22 -> 0.050669909 | N23: =C23-B23 -> -25.623708 | O23: =ABS(N23)*M23 -> 1.2983509 | P23: =N23^2 * M23 -> 33.268565 | Q23: =IF(C23<>C22, "OSCILLATION", "--") -> -- | R23: PV_valley | S23: =MIN(B838:B1236) -> 17.03018
A24: 1.7646154e+09 | B24: 45.128953 | C24: 20 | D24: 0 | E24: 0 | F24: 0 | G24: 20 | H24: 30 | I24: 20 | J24: 30 | K24: 0 | L24: STOPPED | M24: =A24-A23 -> 0.050689936 | N24: =C24-B24 -> -25.128953 | O24: =ABS(N24)*M24 -> 1.273785 | P24: =N24^2 * M24 -> 32.008885 | Q24: =IF(C24<>C23, "OSCILLATION", "--") -> -- | R24: Overshoot (%) | S24: =(ABS(S23-S22)/S22)*100 -> 14.849102 | T24: A lower percentage here means less undershoot/better stability.
A25: 1.7646154e+09 | B25: 45.227087 | C25: 20 | D25: 0 | E25: 0 | F25: 0 | G25: 20 | H25: 30 | I25: 20 | J25: 30 | K25: 0 | L25: STOPPED | M25: =A25-A24 -> 0.050430059 | N25: =C25-B25 -> -25.227087 | O25: =ABS(N25)*M25 -> 1.2722035 | P25: =N25^2 * M25 -> 32.093987 | Q25: =IF(C25<>C24, "OSCILLATION", "--") -> --
A26: 1.7646154e+09 | B26: 45.61553 | C26: 20 | D26: 0 | E26: 0 | F26: 0 | G26: 20 | H26: 30 | I26: 20 | J26: 30 | K26: 0 | L26: STOPPED | M26: =A26-A25 -> 0.051229954 | N26: =C26-B26 -> -25.61553 | O26: =ABS(N26)*M26 -> 1.3122824 | P26: =N26^2 * M26 -> 33.61481 | Q26: =IF(C26<>C25, "OSCILLATION", "--") -> -- | R26: Rise Time: | S26: =S31-S30 -> 6.3232801 | T26: A lower time here means faster response to the "fan on" command.
A27: 1.7646154e+09 | B27: 44.863176 | C27: 20 | D27: 0 | E27: 0 | F27: 0 | G27: 20 | H27: 30 | I27: 20 | J27: 30 | K27: 0 | L27: STOPPED | M27: =A27-A26 -> 0.048680067 | N27: =C27-B27 -> -24.863176 | O27: =ABS(N27)*M27 -> 1.2103411 | P27: =N27^2 * M27 -> 30.092924 | Q27: =IF(C27<>C26, "OSCILLATION", "--") -> -- | R27: Total Change (cm) | S27: =30-20 -> 10
A28: 1.7646154e+09 | B28: 45.668685 | C28: 20 | D28: 0 | E28: 0 | F28: 0 | G28: 20 | H28: 30 | I28: 20 | J28: 30 | K28: 0 | L28: STOPPED | M28: =A28-A27 -> 0.049269915 | N28: =C28-B28 -> -25.668685 | O28: =ABS(N28)*M28 -> 1.2646939 | P28: =N28^2 * M28 -> 32.463031 | Q28: =IF(C28<>C27, "OSCILLATION", "--") -> -- | R28: 10% Point (PV_10) (cm) | S28: =30-(10*0.1) -> 29
A29: 1.7646154e+09 | B29: 45.971262 | C29: 20 | D29: 0 | E29: 0 | F29: 0 | G29: 20 | H29: 30 | I29: 20 | J29: 30 | K29: 0 | L29: STOPPED | M29: =A29-A28 -> 0.050250053 | N29: =C29-B29 -> -25.971262 | O29: =ABS(N29)*M29 -> 1.3050573 | P29: =N29^2 * M29 -> 33.893986 | Q29: =IF(C29<>C28, "OSCILLATION", "--") -> -- | R29: 90% Point (PV_90) (cm) | S29: =30-(10*0.9) -> 21
A30: 1.7646154e+09 | B30: 45.897663 | C30: 20 | D30: 0 | E30: 0 | F30: 0 | G30: 20 | H30: 30 | I30: 20 | J30: 30 | K30: 0 | L30: STOPPED | M30: =A30-A29 -> 0.051490068 | N30: =C30-B30 -> -25.897663 | O30: =ABS(N30)*M30 -> 1.3334724 | P30: =N30^2 * M30 -> 34.533819 | Q30: =IF(C30<>C29, "OSCILLATION", "--") -> -- | R30: Time at 10% | S30: =A848 -> 1.7646154e+09 | T30: Row 848 | U30: (First row after setpoint change where distance ≤ 29)
A31: 1.7646154e+09 | B31: 45.685041 | C31: 20 | D31: 0 | E31: 0 | F31: 0 | G31: 20 | H31: 30 | I31: 20 | J31: 30 | K31: 0 | L31: STOPPED | M31: =A31-A30 -> 0.048840046 | N31: =C31-B31 -> -25.685041 | O31: =ABS(N31)*M31 -> 1.2544586 | P31: =N31^2 * M31 -> 32.22082 | Q31: =IF(C31<>C30, "OSCILLATION", "--") -> -- | R31: Time at 90% | S31: =A974 -> 1.7646154e+09 | T31: Row 974 | U31: (First row after setpoint change where distance ≤ 21)
A32: 1.7646154e+09 | B32: 45.586908 | C32: 20 | D32: 0 | E32: 0 | F32: 0 | G32: 20 | H32: 30 | I32: 20 | J32: 30 | K32: 0 | L32: STOPPED | M32: =A32-A31 -> 0.050289869 | N32: =C32-B32 -> -25.586908 | O32: =ABS(N32)*M32 -> 1.2867623 | P32: =N32^2 * M32 -> 32.924267 | Q32: =IF(C32<>C31, "OSCILLATION", "--") -> --
A33: 1.7646154e+09 | B33: 45.926285 | C33: 20 | D33: 0 | E33: 0 | F33: 0 | G33: 20 | H33: 30 | I33: 20 | J33: 30 | K33: 0 | L33: STOPPED | M33: =A33-A32 -> 0.050780058 | N33: =C33-B33 -> -25.926285 | O33: =ABS(N33)*M33 -> 1.3165382 | P33: =N33^2 * M33 -> 34.132945 | Q33: =IF(C33<>C32, "OSCILLATION", "--") -> --
A34: 1.7646154e+09 | B34: 45.50513 | C34: 20 | D34: 0 | E34: 0 | F34: 0 | G34: 20 | H34: 30 | I34: 20 | J34: 30 | K34: 0 | L34: STOPPED | M34: =A34-A33 -> 0.04975009 | N34: =C34-B34 -> -25.50513 | O34: =ABS(N34)*M34 -> 1.2688825 | P34: =N34^2 * M34 -> 32.363014 | Q34: =IF(C34<>C33, "OSCILLATION", "--") -> --
A35: 1.7646154e+09 | B35: 45.660508 | C35: 20 | D35: 0 | E35: 0 | F35: 0 | G35: 20 | H35: 30 | I35: 20 | J35: 30 | K35: 0 | L35: STOPPED | M35: =A35-A34 -> 0.050949812 | N35: =C35-B35 -> -25.660508 | O35: =ABS(N35)*M35 -> 1.307398 | P35: =N35^2 * M35 -> 33.548497 | Q35: =IF(C35<>C34, "OSCILLATION", "--") -> --
A36: 1.7646154e+09 | B36: 46.63775 | C36: 20 | D36: 0 | E36: 0 | F36: 0 | G36: 20 | H36: 30 | I36: 20 | J36: 30 | K36: 0 | L36: STOPPED | M36: =A36-A35 -> 0.051150084 | N36: =C36-B36 -> -26.63775 | O36: =ABS(N36)*M36 -> 1.3625231 | P36: =N36^2 * M36 -> 36.29455 | Q36: =IF(C36<>C35, "OSCILLATION", "--") -> --
A37: 1.7646154e+09 | B37: 46.376061 | C37: 20 | D37: 0 | E37: 0 | F37: 0 | G37: 20 | H37: 30 | I37: 20 | J37: 30 | K37: 0 | L37: STOPPED | M37: =A37-A36 -> 0.049220085 | N37: =C37-B37 -> -26.376061 | O37: =ABS(N37)*M37 -> 1.298232 | P37: =N37^2 * M37 -> 34.242247 | Q37: =IF(C37<>C36, "OSCILLATION", "--") -> --
A38: 1.7646154e+09 | B38: 45.235264 | C38: 20 | D38: 0 | E38: 0 | F38: 0 | G38: 20 | H38: 30 | I38: 20 | J38: 30 | K38: 0 | L38: STOPPED | M38: =A38-A37 -> 0.050079823 | N38: =C38-B38 -> -25.235264 | O38: =ABS(N38)*M38 -> 1.2637776 | P38: =N38^2 * M38 -> 31.891761 | Q38: =IF(C38<>C37, "OSCILLATION", "--") -> --
A39: 1.7646154e+09 | B39: 46.41695 | C39: 20 | D39: 0 | E39: 0 | F39: 0 | G39: 20 | H39: 30 | I39: 20 | J39: 30 | K39: 0 | L39: STOPPED | M39: =A39-A38 -> 0.051789999 | N39: =C39-B39 -> -26.41695 | O39: =ABS(N39)*M39 -> 1.3681338 | P39: =N39^2 * M39 -> 36.141923 | Q39: =IF(C39<>C38, "OSCILLATION", "--") -> --
A40: 1.7646154e+09 | B40: 45.603263 | C40: 20 | D40: 0 | E40: 0 | F40: 0 | G40: 20 | H40: 30 | I40: 20 | J40: 30 | K40: 0 | L40: STOPPED | M40: =A40-A39 -> 0.048720121 | N40: =C40-B40 -> -25.603263 | O40: =ABS(N40)*M40 -> 1.2473941 | P40: =N40^2 * M40 -> 31.93736 | Q40: =IF(C40<>C39, "OSCILLATION", "--") -> --
A41: 1.7646154e+09 | B41: 45.227087 | C41: 20 | D41: 0 | E41: 0 | F41: 0 | G41: 20 | H41: 30 | I41: 20 | J41: 30 | K41: 0 | L41: STOPPED | M41: =A41-A40 -> 0.050280094 | N41: =C41-B41 -> -25.227087 | O41: =ABS(N41)*M41 -> 1.2684203 | P41: =N41^2 * M41 -> 31.998548 | Q41: =IF(C41<>C40, "OSCILLATION", "--") -> --
A42: 1.7646154e+09 | B42: 45.586908 | C42: 20 | D42: 0 | E42: 0 | F42: 0 | G42: 20 | H42: 30 | I42: 20 | J42: 30 | K42: 0 | L42: STOPPED | M42: =A42-A41 -> 0.049469948 | N42: =C42-B42 -> -25.586908 | O42: =ABS(N42)*M42 -> 1.265783 | P42: =N42^2 * M42 -> 32.387473 | Q42: =IF(C42<>C41, "OSCILLATION", "--") -> --
A43: 1.7646154e+09 | B43: 46.670461 | C43: 20 | D43: 0 | E43: 0 | F43: 0 | G43: 20 | H43: 30 | I43: 20 | J43: 30 | K43: 0 | L43: STOPPED | M43: =A43-A42 -> 0.050119877 | N43: =C43-B43 -> -26.670461 | O43: =ABS(N43)*M43 -> 1.3367202 | P43: =N43^2 * M43 -> 35.650944 | Q43: =IF(C43<>C42, "OSCILLATION", "--") -> --
... A57: 1.7646154e+09 | B57: 45.619619 | C57: 20 | D57: 0 | E57: 0 | F57: 0 | G57: 20 | H57: 30 | I57: 20 | J57: 30 | K57: 0 | L57: STOPPED | M57: =A57-A56 -> 0.05024004 | N57: =C57-B57 -> -25.619619 | O57: =ABS(N57)*M57 -> 1.2871307 | P57: =N57^2 * M57 -> 32.975797 | Q57: =IF(C57<>C56, "OSCILLATION", "--") -> --
A58: 1.7646154e+09 | B58: 45.394731 | C58: 20 | D58: 255 | E58: 0 | F58: 0 | G58: 20 | H58: 30 | I58: 20 | J58: 30 | K58: 19.13954210281372 | L58: RUNNING | M58: =A58-A57 -> 0.050669909 | N58: =C58-B58 -> -25.394731 | O58: =ABS(N58)*M58 -> 1.2867487 | P58: =N58^2 * M58 -> 32.676636 | Q58: =IF(C58<>C57, "OSCILLATION", "--") -> --
A59: 1.7646154e+09 | B59: 45.701396 | C59: 20 | D59: 255 | E59: 0 | F59: 0 | G59: 20 | H59: 30 | I59: 20 | J59: 30 | K59: 19.089515447616577 | L59: RUNNING | M59: =A59-A58 -> 0.04997015 | N59: =C59-B59 -> -25.701396 | O59: =ABS(N59)*M59 -> 1.2843026 | P59: =N59^2 * M59 -> 33.008371 | Q59: =IF(C59<>C58, "OSCILLATION", "--") -> --
A60: 1.7646154e+09 | B60: 45.562375 | C60: 20 | D60: 255 | E60: 0 | F60: 0 | G60: 20 | H60: 30 | I60: 20 | J60: 30 | K60: 19.039276361465454 | L60: RUNNING | M60: =A60-A59 -> 0.050189972 | N60: =C60-B60 -> -25.562375 | O60: =ABS(N60)*M60 -> 1.2829749 | P60: =N60^2 * M60 -> 32.795884 | Q60: =IF(C60<>C59, "OSCILLATION", "--") -> --
A61: 1.7646154e+09 | B61: 45.807707 | C61: 20 | D61: 255 | E61: 0 | F61: 0 | G61: 20 | H61: 30 | I61: 20 | J61: 30 | K61: 18.989062070846558 | L61: RUNNING | M61: =A61-A60 -> 0.050390005 | N61: =C61-B61 -> -25.807707 | O61: =ABS(N61)*M61 -> 1.3004505 | P61: =N61^2 * M61 -> 33.561646 | Q61: =IF(C61<>C60, "OSCILLATION", "--") -> --
A62: 1.7646154e+09 | B62: 45.873129 | C62: 20 | D62: 255 | E62: 0 | F62: 0 | G62: 20 | H62: 30 | I62: 20 | J62: 30 | K62: 18.938549518585205 | L62: RUNNING | M62: =A62-A61 -> 0.050449848 | N62: =C62-B62 -> -25.873129 | O62: =ABS(N62)*M62 -> 1.3052954 | P62: =N62^2 * M62 -> 33.772078 | Q62: =IF(C62<>C61, "OSCILLATION", "--") -> --
A63: 1.7646154e+09 | B63: 46.098018 | C63: 20 | D63: 255 | E63: 0 | F63: 0 | G63: 20 | H63: 30 | I63: 20 | J63: 30 | K63: 18.887786149978638 | L63: RUNNING | M63: =A63-A62 -> 0.050780058 | N63: =C63-B63 -> -26.098018 | O63: =ABS(N63)*M63 -> 1.3252588 | P63: =N63^2 * M63 -> 34.586629 | Q63: =IF(C63<>C62, "OSCILLATION", "--") -> --
A64: 1.7646154e+09 | B64: 45.946729 | C64: 20 | D64: 255 | E64: 0 | F64: 0 | G64: 20 | H64: 30 | I64: 20 | J64: 30 | K64: 18.837812662124634 | L64: RUNNING | M64: =A64-A63 -> 0.050070047 | N64: =C64-B64 -> -25.946729 | O64: =ABS(N64)*M64 -> 1.299154 | P64: =N64^2 * M64 -> 33.708796 | Q64: =IF(C64<>C63, "OSCILLATION", "--") -> --
A65: 1.7646154e+09 | B65: 47.263348 | C65: 20 | D65: 255 | E65: 0 | F65: 0 | G65: 20 | H65: 30 | I65: 20 | J65: 30 | K65: 18.787626266479492 | L65: RUNNING | M65: =A65-A64 -> 0.050580025 | N65: =C65-B65 -> -27.263348 | O65: =ABS(N65)*M65 -> 1.3789808 | P65: =N65^2 * M65 -> 37.595634 | Q65: =IF(C65<>C64, "OSCILLATION", "--") -> --
A66: 1.7646154e+09 | B66: 45.509219 | C66: 20 | D66: 255 | E66: 0 | F66: 0 | G66: 20 | H66: 30 | I66: 20 | J66: 30 | K66: 18.737107515335083 | L66: RUNNING | M66: =A66-A65 -> 0.049939871 | N66: =C66-B66 -> -25.509219 | O66: =ABS(N66)*M66 -> 1.2739271 | P66: =N66^2 * M66 -> 32.496886 | Q66: =IF(C66<>C65, "OSCILLATION", "--") -> --
A67: 1.7646154e+09 | B67: 44.760954 | C67: 20 | D67: 255 | E67: 0 | F67: 0 | G67: 20 | H67: 30 | I67: 20 | J67: 30 | K67: 18.68686294555664 | L67: RUNNING | M67: =A67-A66 -> 0.052390099 | N67: =C67-B67 -> -24.760954 | O67: =ABS(N67)*M67 -> 1.2972288 | P67: =N67^2 * M67 -> 32.120624 | Q67: =IF(C67<>C66, "OSCILLATION", "--") -> --
A68: 1.7646154e+09 | B68: 44.360244 | C68: 20 | D68: 255 | E68: 0 | F68: 0 | G68: 20 | H68: 30 | I68: 20 | J68: 30 | K68: 18.63735032081604 | L68: RUNNING | M68: =A68-A67 -> 0.047729969 | N68: =C68-B68 -> -24.360244 | O68: =ABS(N68)*M68 -> 1.1627137 | P68: =N68^2 * M68 -> 28.32399 | Q68: =IF(C68<>C67, "OSCILLATION", "--") -> --
A69: 1.7646154e+09 | B69: 44.646466 | C69: 20 | D69: 255 | E69: 0 | F69: 0 | G69: 20 | H69: 30 | I69: 20 | J69: 30 | K69: 18.587248 | L69: RUNNING | M69: =A69-A68 -> 0.050019979 | N69: =C69-B69 -> -24.646466 | O69: =ABS(N69)*M69 -> 1.2328157 | P69: =N69^2 * M69 -> 30.38455 | Q69: =IF(C69<>C68, "OSCILLATION", "--") -> --
A70: 1.7646154e+09 | B70: 44.891798 | C70: 20 | D70: 255 | E70: 0 | F70: 0 | G70: 20 | H70: 30 | I70: 20 | J70: 30 | K70: 18.537037134170532 | L70: RUNNING | M70: =A70-A69 -> 0.049839973 | N70: =C70-B70 -> -24.891798 | O70: =ABS(N70)*M70 -> 1.2406066 | P70: =N70^2 * M70 -> 30.880929 | Q70: =IF(C70<>C69, "OSCILLATION", "--") -> --
A71: 1.7646154e+09 | B71: 43.616068 | C71: 20 | D71: 255 | E71: 0 | F71: 0 | G71: 20 | H71: 30 | I71: 20 | J71: 30 | K71: 18.486751556396484 | L71: RUNNING | M71: =A71-A70 -> 0.050630093 | N71: =C71-B71 -> -23.616068 | O71: =ABS(N71)*M71 -> 1.1956837 | P71: =N71^2 * M71 -> 28.237349 | Q71: =IF(C71<>C70, "OSCILLATION", "--") -> --
A72: 1.7646154e+09 | B72: 43.86549 | C72: 20 | D72: 255 | E72: 0 | F72: 0 | G72: 20 | H72: 30 | I72: 20 | J72: 30 | K72: 18.436649799346924 | L72: RUNNING | M72: =A72-A71 -> 0.049510002 | N72: =C72-B72 -> -23.86549 | O72: =ABS(N72)*M72 -> 1.1815805 | P72: =N72^2 * M72 -> 28.198997 | Q72: =IF(C72<>C71, "OSCILLATION", "--") -> --
A73: 1.7646154e+09 | B73: 43.268514 | C73: 20 | D73: 255 | E73: 0 | F73: 0 | G73: 20 | H73: 30 | I73: 20 | J73: 30 | K73: 18.38578724861145 | L73: RUNNING | M73: =A73-A72 -> 0.051019907 | N73: =C73-B73 -> -23.268514 | O73: =ABS(N73)*M73 -> 1.1871574 | P73: =N73^2 * M73 -> 27.623388 | Q73: =IF(C73<>C72, "OSCILLATION", "--") -> --
A74: 1.7646154e+09 | B74: 41.587985 | C74: 20 | D74: 255 | E74: 0 | F74: 0 | G74: 20 | H74: 30 | I74: 20 | J74: 30 | K74: 18.336087226867676 | L74: RUNNING | M74: =A74-A73 -> 0.049740076 | N74: =C74-B74 -> -21.587985 | O74: =ABS(N74)*M74 -> 1.073788 | P74: =N74^2 * M74 -> 23.180919 | Q74: =IF(C74<>C73, "OSCILLATION", "--") -> --
A75: 1.7646154e+09 | B75: 40.91332 | C75: 20 | D75: 255 | E75: 0 | F75: 0 | G75: 20 | H75: 30 | I75: 20 | J75: 30 | K75: 18.28547692298889 | L75: RUNNING | M75: =A75-A74 -> 0.050780058 | N75: =C75-B75 -> -20.91332 | O75: =ABS(N75)*M75 -> 1.0619796 | P75: =N75^2 * M75 -> 22.209518 | Q75: =IF(C75<>C74, "OSCILLATION", "--") -> --
A76: 1.7646154e+09 | B76: 39.261413 | C76: 20 | D76: 255 | E76: 0 | F76: 0 | G76: 20 | H76: 30 | I76: 20 | J76: 30 | K76: 18.235761880874634 | L76: RUNNING | M76: =A76-A75 -> 0.049109936 | N76: =C76-B76 -> -19.261413 | O76: =ABS(N76)*M76 -> 0.94592674 | P76: =N76^2 * M76 -> 18.219885 | Q76: =IF(C76<>C75, "OSCILLATION", "--") -> --
A77: 1.7646154e+09 | B77: 39.8911 | C77: 20 | D77: 255 | E77: 0 | F77: 0 | G77: 20 | H77: 30 | I77: 20 | J77: 30 | K77: 18.185607433319092 | L77: RUNNING | M77: =A77-A76 -> 0.050519943 | N77: =C77-B77 -> -19.8911 | O77: =ABS(N77)*M77 -> 1.0048972 | P77: =N77^2 * M77 -> 19.988511 | Q77: =IF(C77<>C76, "OSCILLATION", "--") -> --
A78: 1.7646154e+09 | B78: 39.588523 | C78: 20 | D78: 255 | E78: 0 | F78: 0 | G78: 20 | H78: 30 | I78: 20 | J78: 30 | K78: 18.135253190994263 | L78: RUNNING | M78: =A78-A77 -> 0.050209999 | N78: =C78-B78 -> -19.588523 | O78: =ABS(N78)*M78 -> 0.98353972 | P78: =N78^2 * M78 -> 19.26609 | Q78: =IF(C78<>C77, "OSCILLATION", "--") -> --
A79: 1.7646154e+09 | B79: 36.174309 | C79: 20 | D79: 255 | E79: 0 | F79: 0 | G79: 20 | H79: 30 | I79: 20 | J79: 30 | K79: 18.084665775299072 | L79: RUNNING | M79: =A79-A78 -> 0.050559998 | N79: =C79-B79 -> -16.174309 | O79: =ABS(N79)*M79 -> 0.81777304 | P79: =N79^2 * M79 -> 13.226914 | Q79: =IF(C79<>C78, "OSCILLATION", "--") -> --
A80: 1.7646154e+09 | B80: 35.209334 | C80: 20 | D80: 255 | E80: 0 | F80: 0 | G80: 20 | H80: 30 | I80: 20 | J80: 30 | K80: 18.034788846969604 | L80: RUNNING | M80: =A80-A79 -> 0.049990177 | N80: =C80-B80 -> -15.209334 | O80: =ABS(N80)*M80 -> 0.7603173 | P80: =N80^2 * M80 -> 11.56392 | Q80: =IF(C80<>C79, "OSCILLATION", "--") -> --
A81: 1.7646154e+09 | B81: 35.2952 | C81: 20 | D81: 255 | E81: 0 | F81: 0 | G81: 20 | H81: 30 | I81: 20 | J81: 30 | K81: 17.984721899032593 | L81: RUNNING | M81: =A81-A80 -> 0.04971981 | N81: =C81-B81 -> -15.2952 | O81: =ABS(N81)*M81 -> 0.76047446 | P81: =N81^2 * M81 -> 11.631609 | Q81: =IF(C81<>C80, "OSCILLATION", "--") -> --
... A107: 1.7646154e+09 | B107: 31.296277 | C107: 20 | D107: 255 | E107: 0 | F107: 0 | G107: 20 | H107: 30 | I107: 20 | J107: 30 | K107: 16.68025517463684 | L107: RUNNING | M107: =A107-A106 -> 0.048650026 | N107: =C107-B107 -> -11.296277 | O107: =ABS(N107)*M107 -> 0.54956418 | P107: =N107^2 * M107 -> 6.2080292 | Q107: =IF(C107<>C106, "OSCILLATION", "--") -> --
A108: 1.7646154e+09 | B108: 30.997789 | C108: 20 | D108: 255 | E108: 0 | F108: 0 | G108: 20 | H108: 30 | I108: 20 | J108: 30 | K108: 16.630037 | L108: RUNNING | M108: =A108-A107 -> 0.050150156 | N108: =C108-B108 -> -10.997789 | O108: =ABS(N108)*M108 -> 0.55154083 | P108: =N108^2 * M108 -> 6.0657296 | Q108: =IF(C108<>C107, "OSCILLATION", "--") -> --
A109: 1.7646154e+09 | B109: 30.960989 | C109: 20 | D109: 255 | E109: 0 | F109: 0 | G109: 20 | H109: 30 | I109: 20 | J109: 30 | K109: 16.579601049423218 | L109: RUNNING | M109: =A109-A108 -> 0.0505898 | N109: =C109-B109 -> -10.960989 | O109: =ABS(N109)*M109 -> 0.55451424 | P109: =N109^2 * M109 -> 6.0780245 | Q109: =IF(C109<>C108, "OSCILLATION", "--") -> --
A110: 1.7646154e+09 | B110: 32.101786 | C110: 20 | D110: 255 | E110: 0 | F110: 0 | G110: 20 | H110: 30 | I110: 20 | J110: 30 | K110: 16.529585123062134 | L110: RUNNING | M110: =A110-A109 -> 0.04997015 | N110: =C110-B110 -> -12.101786 | O110: =ABS(N110)*M110 -> 0.60472807 | P110: =N110^2 * M110 -> 7.3182898 | Q110: =IF(C110<>C109, "OSCILLATION", "--") -> --
A111: 1.7646154e+09 | B111: 33.258939 | C111: 20 | D111: 255 | E111: 0 | F111: 0 | G111: 20 | H111: 30 | I111: 20 | J111: 30 | K111: 16.479228734970093 | L111: RUNNING | M111: =A111-A110 -> 0.050659895 | N111: =C111-B111 -> -13.258939 | O111: =ABS(N111)*M111 -> 0.67169645 | P111: =N111^2 * M111 -> 8.9059821 | Q111: =IF(C111<>C110, "OSCILLATION", "--") -> --
A112: 1.7646154e+09 | B112: 31.950498 | C112: 20 | D112: 255 | E112: 0 | F112: 0 | G112: 20 | H112: 30 | I112: 20 | J112: 30 | K112: 16.429474353790283 | L112: RUNNING | M112: =A112-A111 -> 0.049489975 | N112: =C112-B112 -> -11.950498 | O112: =ABS(N112)*M112 -> 0.59142983 | P112: =N112^2 * M112 -> 7.0678808 | Q112: =IF(C112<>C111, "OSCILLATION", "--") -> --
A113: 1.7646154e+09 | B113: 31.210411 | C113: 20 | D113: 255 | E113: 0 | F113: 0 | G113: 20 | H113: 30 | I113: 20 | J113: 30 | K113: 16.37930655479431 | L113: RUNNING | M113: =A113-A112 -> 0.050019979 | N113: =C113-B113 -> -11.210411 | O113: =ABS(N113)*M113 -> 0.56074451 | P113: =N113^2 * M113 -> 6.2861762 | Q113: =IF(C113<>C112, "OSCILLATION", "--") -> --
A114: 1.7646154e+09 | B114: 31.594765 | C114: 20 | D114: 255 | E114: 0 | F114: 0 | G114: 20 | H114: 30 | I114: 20 | J114: 30 | K114: 16.328649759292603 | L114: RUNNING | M114: =A114-A113 -> 0.050670147 | N114: =C114-B114 -> -11.594765 | O114: =ABS(N114)*M114 -> 0.58750846 | P114: =N114^2 * M114 -> 6.8120226 | Q114: =IF(C114<>C113, "OSCILLATION", "--") -> --
A115: 1.7646154e+09 | B115: 31.333077 | C115: 20 | D115: 255 | E115: 0 | F115: 0 | G115: 20 | H115: 30 | I115: 20 | J115: 30 | K115: 16.278995752334595 | L115: RUNNING | M115: =A115-A114 -> 0.04963994 | N115: =C115-B115 -> -11.333077 | O115: =ABS(N115)*M115 -> 0.56257326 | P115: =N115^2 * M115 -> 6.3756861 | Q115: =IF(C115<>C114, "OSCILLATION", "--") -> --
A116: 1.7646154e+09 | B116: 34.612358 | C116: 20 | D116: 255 | E116: 0 | F116: 0 | G116: 20 | H116: 30 | I116: 20 | J116: 30 | K116: 16.228053331375122 | L116: RUNNING | M116: =A116-A115 -> 0.051650047 | N116: =C116-B116 -> -14.612358 | O116: =ABS(N116)*M116 -> 0.75472896 | P116: =N116^2 * M116 -> 11.028369 | Q116: =IF(C116<>C115, "OSCILLATION", "--") -> --
A117: 1.7646154e+09 | B117: 30.51939 | C117: 20 | D117: 255 | E117: 0 | F117: 0 | G117: 20 | H117: 30 | I117: 20 | J117: 30 | K117: 16.17849588394165 | L117: RUNNING | M117: =A117-A116 -> 0.048879862 | N117: =C117-B117 -> -10.51939 | O117: =ABS(N117)*M117 -> 0.51418633 | P117: =N117^2 * M117 -> 5.4089266 | Q117: =IF(C117<>C116, "OSCILLATION", "--") -> --
A118: 1.7646154e+09 | B118: 30.625701 | C118: 20 | D118: 255 | E118: 0 | F118: 0 | G118: 20 | H118: 30 | I118: 20 | J118: 30 | K118: 16.127837657928467 | L118: RUNNING | M118: =A118-A117 -> 0.050690174 | N118: =C118-B118 -> -10.625701 | O118: =ABS(N118)*M118 -> 0.53861863 | P118: =N118^2 * M118 -> 5.7232005 | Q118: =IF(C118<>C117, "OSCILLATION", "--") -> --
A119: 1.7646154e+09 | B119: 30.830145 | C119: 20 | D119: 255 | E119: 0 | F119: 0 | G119: 20 | H119: 30 | I119: 20 | J119: 30 | K119: 16.078017711639404 | L119: RUNNING | M119: =A119-A118 -> 0.049819946 | N119: =C119-B119 -> -10.830145 | O119: =ABS(N119)*M119 -> 0.53955724 | P119: =N119^2 * M119 -> 5.843483 | Q119: =IF(C119<>C118, "OSCILLATION", "--") -> --
A120: 1.7646154e+09 | B120: 29.983747 | C120: 20 | D120: 255 | E120: 0 | F120: 0 | G120: 20 | H120: 30 | I120: 20 | J120: 30 | K120: 16.022104024887085 | L120: RUNNING | M120: =A120-A119 -> 0.056789875 | N120: =C120-B120 -> -9.983747 | O120: =ABS(N120)*M120 -> 0.56697574 | P120: =N120^2 * M120 -> 5.6605424 | Q120: =IF(C120<>C119, "OSCILLATION", "--") -> --
... A181: 1.7646154e+09 | B181: 26.540911 | C181: 20 | D181: 255 | E181: 0 | F181: 0 | G181: 20 | H181: 30 | I181: 20 | J181: 30 | K181: 12.964694023132324 | L181: RUNNING | M181: =A181-A180 -> 0.048659801 | N181: =C181-B181 -> -6.5409112 | O181: =ABS(N181)*M181 -> 0.31827944 | P181: =N181^2 * M181 -> 2.0818376 | Q181: =IF(C181<>C180, "OSCILLATION", "--") -> --
A182: 1.7646154e+09 | B182: 26.606333 | C182: 20 | D182: 255 | E182: 0 | F182: 0 | G182: 20 | H182: 30 | I182: 20 | J182: 30 | K182: 12.914869 | L182: RUNNING | M182: =A182-A181 -> 0.049679995 | N182: =C182-B182 -> -6.6063333 | O182: =ABS(N182)*M182 -> 0.3282026 | P182: =N182^2 * M182 -> 2.1682158 | Q182: =IF(C182<>C181, "OSCILLATION", "--") -> --
A183: 1.7646154e+09 | B183: 25.322425 | C183: 20 | D183: 255 | E183: 0 | F183: 0 | G183: 20 | H183: 30 | I183: 20 | J183: 30 | K183: 12.864866971969604 | L183: RUNNING | M183: =A183-A182 -> 0.049870014 | N183: =C183-B183 -> -5.3224254 | O183: =ABS(N183)*M183 -> 0.26542943 | P183: =N183^2 * M183 -> 1.4127283 | Q183: =IF(C183<>C182, "OSCILLATION", "--") -> --
A184: 1.7646154e+09 | B184: 24.64776 | C184: 20 | D184: 255 | E184: 0 | F184: 0 | G184: 20 | H184: 30 | I184: 20 | J184: 30 | K184: 12.814716100692749 | L184: RUNNING | M184: =A184-A183 -> 0.050110102 | N184: =C184-B184 -> -4.6477604 | O184: =ABS(N184)*M184 -> 0.23289975 | P184: =N184^2 * M184 -> 1.0824622 | Q184: =IF(C184<>C183, "OSCILLATION", "--") -> --
A185: 1.7646154e+09 | B185: 26.716733 | C185: 20 | D185: 255 | E185: 0 | F185: 0 | G185: 20 | H185: 30 | I185: 20 | J185: 30 | K185: 12.764322280883789 | L185: RUNNING | M185: =A185-A184 -> 0.050479889 | N185: =C185-B185 -> -6.716733 | O185: =ABS(N185)*M185 -> 0.33905993 | P185: =N185^2 * M185 -> 2.277375 | Q185: =IF(C185<>C184, "OSCILLATION", "--") -> --
A186: 1.7646154e+09 | B186: 24.316561 | C186: 20 | D186: 255 | E186: 0 | F186: 0 | G186: 20 | H186: 30 | I186: 20 | J186: 30 | K186: 12.714115858078003 | L186: RUNNING | M186: =A186-A185 -> 0.05024004 | N186: =C186-B186 -> -4.3165612 | O186: =ABS(N186)*M186 -> 0.21686421 | P186: =N186^2 * M186 -> 0.93610763 | Q186: =IF(C186<>C185, "OSCILLATION", "--") -> --
A187: 1.7646154e+09 | B187: 24.635494 | C187: 20 | D187: 255 | E187: 0 | F187: 0 | G187: 20 | H187: 30 | I187: 20 | J187: 30 | K187: 12.664160013198853 | L187: RUNNING | M187: =A187-A186 -> 0.049870014 | N187: =C187-B187 -> -4.6354938 | O187: =ABS(N187)*M187 -> 0.23117214 | P187: =N187^2 * M187 -> 1.071597 | Q187: =IF(C187<>C186, "OSCILLATION", "--") -> --
A188: 1.7646154e+09 | B188: 24.660027 | C188: 20 | D188: 255 | E188: 0 | F188: 0 | G188: 20 | H188: 30 | I188: 20 | J188: 30 | K188: 12.61425256729126 | L188: RUNNING | M188: =A188-A187 -> 0.049740076 | N188: =C188-B188 -> -4.660027 | O188: =ABS(N188)*M188 -> 0.2317901 | P188: =N188^2 * M188 -> 1.0801481 | Q188: =IF(C188<>C187, "OSCILLATION", "--") -> --
A189: 1.7646154e+09 | B189: 25.506425 | C189: 20 | D189: 255 | E189: 0 | F189: 0 | G189: 20 | H189: 30 | I189: 20 | J189: 30 | K189: 12.563878297805786 | L189: RUNNING | M189: =A189-A188 -> 0.050570011 | N189: =C189-B189 -> -5.5064249 | O189: =ABS(N189)*M189 -> 0.27845997 | P189: =N189^2 * M189 -> 1.5333189 | Q189: =IF(C189<>C188, "OSCILLATION", "--") -> --
A190: 1.7646154e+09 | B190: 25.408292 | C190: 20 | D190: 255 | E190: 0 | F190: 0 | G190: 20 | H190: 30 | I190: 20 | J190: 30 | K190: 12.513473510742188 | L190: RUNNING | M190: =A190-A189 -> 0.050620079 | N190: =C190-B190 -> -5.4082918 | O190: =ABS(N190)*M190 -> 0.27376816 | P190: =N190^2 * M190 -> 1.4806181 | Q190: =IF(C190<>C189, "OSCILLATION", "--") -> --
A191: 1.7646154e+09 | B191: 24.754071 | C191: 20 | D191: 255 | E191: 0 | F191: 0 | G191: 20 | H191: 30 | I191: 20 | J191: 30 | K191: 12.462416648864746 | L191: RUNNING | M191: =A191-A190 -> 0.051159859 | N191: =C191-B191 -> -4.7540712 | O191: =ABS(N191)*M191 -> 0.24321761 | P191: =N191^2 * M191 -> 1.1562739 | Q191: =IF(C191<>C190, "OSCILLATION", "--") -> --
A192: 1.7646154e+09 | B192: 24.974871 | C192: 20 | D192: 255 | E192: 0 | F192: 0 | G192: 20 | H192: 30 | I192: 20 | J192: 30 | K192: 12.413468837738037 | L192: RUNNING | M192: =A192-A191 -> 0.048599958 | N192: =C192-B192 -> -4.9748707 | O192: =ABS(N192)*M192 -> 0.24177851 | P192: =N192^2 * M192 -> 1.2028168 | Q192: =IF(C192<>C191, "OSCILLATION", "--") -> --
A193: 1.7646154e+09 | B193: 26.741266 | C193: 20 | D193: 255 | E193: 0 | F193: 0 | G193: 20 | H193: 30 | I193: 20 | J193: 30 | K193: 12.363326787948608 | L193: RUNNING | M193: =A193-A192 -> 0.050070047 | N193: =C193-B193 -> -6.7412663 | O193: =ABS(N193)*M193 -> 0.33753552 | P193: =N193^2 * M193 -> 2.2754168 | Q193: =IF(C193<>C192, "OSCILLATION", "--") -> --
A194: 1.7646154e+09 | B194: 25.882602 | C194: 20 | D194: 255 | E194: 0 | F194: 0 | G194: 20 | H194: 30 | I194: 20 | J194: 30 | K194: 12.312760829925537 | L194: RUNNING | M194: =A194-A193 -> 0.050640106 | N194: =C194-B194 -> -5.8826017 | O194: =ABS(N194)*M194 -> 0.29789558 | P194: =N194^2 * M194 -> 1.752401 | Q194: =IF(C194<>C193, "OSCILLATION", "--") -> --
... A248: 1.7646154e+09 | B248: 20.824659 | C248: 20 | D248: 149 | E248: 0 | F248: 0 | G248: 20 | H248: 30 | I248: 20 | J248: 30 | K248: 9.602269411087036 | L248: RUNNING | M248: =A248-A247 -> 0.05005002 | N248: =C248-B248 -> -0.82465887 | O248: =ABS(N248)*M248 -> 0.041274193 | P248: =N248^2 * M248 -> 0.03403713 | Q248: =IF(C248<>C247, "OSCILLATION", "--") -> --
A249: 1.7646154e+09 | B249: 21.801901 | C249: 20 | D249: 149 | E249: 0 | F249: 0 | G249: 20 | H249: 30 | I249: 20 | J249: 30 | K249: 9.5523441 | L249: RUNNING | M249: =A249-A248 -> 0.04982996 | N249: =C249-B249 -> -1.8019009 | O249: =ABS(N249)*M249 -> 0.089788648 | P249: =N249^2 * M249 -> 0.16179024 | Q249: =IF(C249<>C248, "OSCILLATION", "--") -> --
A250: 1.7646154e+09 | B250: 20.342171 | C250: 20 | D250: 92 | E250: 0 | F250: 0 | G250: 20 | H250: 30 | I250: 20 | J250: 30 | K250: 9.501863479614258 | L250: RUNNING | M250: =A250-A249 -> 0.050660133 | N250: =C250-B250 -> -0.34217119 | O250: =ABS(N250)*M250 -> 0.017334438 | P250: =N250^2 * M250 -> 0.0059313454 | Q250: =IF(C250<>C249, "OSCILLATION", "--") -> --
A251: 1.7646154e+09 | B251: 19.536662 | C251: 20 | D251: 92 | E251: 0 | F251: 0 | G251: 20 | H251: 30 | I251: 20 | J251: 30 | K251: 9.451936483383179 | L251: RUNNING | M251: =A251-A250 -> 0.049709797 | N251: =C251-B251 -> 0.4633379 | O251: =ABS(N251)*M251 -> 0.023032433 | P251: =N251^2 * M251 -> 0.010671799 | Q251: =IF(C251<>C250, "OSCILLATION", "--") -> --
...

Sheet sensor_log_cpu
A1: timestamp | B1: distance | C1: setpoint | D1: duty | E1: delay_ms | F1: loss_rate | G1: osc_a | H1: osc_b | I1: osc_period | J1: next_setpoint | K1: switch_in | L1: pid_status | M1: Time Step (dt) | N1: Error (E) | O1: |E| * dt | P1: E^2 * dt
A2: 1.764616e+09 | B2: 47.443259 | C2: 20 | D2: 0 | E2: 0 | F2: 0 | G2: 20 | H2: 30 | I2: 20 | J2: 30 | K2: 0 | L2: STOPPED | M2: (Time Between Samples) | N2: (Instantaneous Tracking Error) | O2: (Instantaneous Area under the Absolute Error Curve) | P2: (Instantaneous Area under the Squared Error Curve) | R2: SUM dt | S2: =SUM(M748:M1544) -> 39.99761
A3: 1.764616e+09 | B3: 47.463703 | C3: 20 | D3: 0 | E3: 0 | F3: 0 | G3: 20 | H3: 30 | I3: 20 | J3: 30 | K3: 0 | L3: STOPPED | M3: =A3-A2 -> 0.050159931 | N3: =C3-B3 -> -27.463703 | O3: =ABS(N3)*M3 -> 1.3775775 | P3: =N3^2 * M3 -> 37.833378 | Q3: =IF(C3<>C2, "OSCILLATION", "--") -> -- | R3: SUM E | S3: =SUM(N748:N1544) -> -1491.8089
A4: 1.764616e+09 | B4: 47.484148 | C4: 20 | D4: 0 | E4: 0 | F4: 0 | G4: 20 | H4: 30 | I4: 20 | J4: 30 | K4: 0 | L4: STOPPED | M4: =A4-A3 -> 0.049589872 | N4: =C4-B4 -> -27.484148 | O4: =ABS(N4)*M4 -> 1.3629354 | P4: =N4^2 * M4 -> 37.459117 | Q4: =IF(C4<>C3, "OSCILLATION", "--") -> -- | R4: ="SUM "&O1 -> SUM |E| * dt | S4: =SUM(O748:O1544) -> 110.52882 | T4: Total Integral Absolute Error (IAE)
A5: 1.764616e+09 | B5: 47.050726 | C5: 20 | D5: 0 | E5: 0 | F5: 0 | G5: 20 | H5: 30 | I5: 20 | J5: 30 | K5: 0 | L5: STOPPED | M5: =A5-A4 -> 0.050510168 | N5: =C5-B5 -> -27.050726 | O5: =ABS(N5)*M5 -> 1.3663367 | P5: =N5^2 * M5 -> 36.960401 | Q5: =IF(C5<>C4, "OSCILLATION", "--") -> -- | R5: ="SUM "&P1 -> SUM E^2 * dt | S5: =SUM(P748:P1544) -> 749.88803 | T5: Total Integral Squared Error (ISE)
A6: 1.764616e+09 | B6: 47.058904 | C6: 20 | D6: 0 | E6: 0 | F6: 0 | G6: 20 | H6: 30 | I6: 20 | J6: 30 | K6: 0 | L6: STOPPED | M6: =A6-A5 -> 0.050189972 | N6: =C6-B6 -> -27.058904 | O6: =ABS(N6)*M6 -> 1.3580856 | P6: =N6^2 * M6 -> 36.748309 | Q6: =IF(C6<>C5, "OSCILLATION", "--") -> --
A7: 1.764616e+09 | B7: 46.703172 | C7: 20 | D7: 0 | E7: 0 | F7: 0 | G7: 20 | H7: 30 | I7: 20 | J7: 30 | K7: 0 | L7: STOPPED | M7: =A7-A6 -> 0.051039934 | N7: =C7-B7 -> -26.703172 | O7: =ABS(N7)*M7 -> 1.3629281 | P7: =N7^2 * M7 -> 36.394504 | Q7: =IF(C7<>C6, "OSCILLATION", "--") -> --
A8: 1.764616e+09 | B8: 47.083437 | C8: 20 | D8: 0 | E8: 0 | F8: 0 | G8: 20 | H8: 30 | I8: 20 | J8: 30 | K8: 0 | L8: STOPPED | M8: =A8-A7 -> 0.050980091 | N8: =C8-B8 -> -27.083437 | O8: =ABS(N8)*M8 -> 1.3807161 | P8: =N8^2 * M8 -> 37.394538 | Q8: =IF(C8<>C7, "OSCILLATION", "--") -> -- | R8: OSCILLATION | S8: A->B
A9: 1.764616e+09 | B9: 47.083437 | C9: 20 | D9: 0 | E9: 0 | F9: 0 | G9: 20 | H9: 30 | I9: 20 | J9: 30 | K9: 0 | L9: STOPPED | M9: =A9-A8 -> 0.048559904 | N9: =C9-B9 -> -27.083437 | O9: =ABS(N9)*M9 -> 1.3151691 | P9: =N9^2 * M9 -> 35.619301 | Q9: =IF(C9<>C8, "OSCILLATION", "--") -> -- | R9: Rows: | S9: 748:1146
A10: 1.764616e+09 | B10: 47.435081 | C10: 20 | D10: 0 | E10: 0 | F10: 0 | G10: 20 | H10: 30 | I10: 20 | J10: 30 | K10: 0 | L10: STOPPED | M10: =A10-A9 -> 0.049819946 | N10: =C10-B10 -> -27.435081 | O10: =ABS(N10)*M10 -> 1.3668143 | P10: =N10^2 * M10 -> 37.49866 | Q10: =IF(C10<>C9, "OSCILLATION", "--") -> -- | R10: SP_new | S10: =30 -> 30
A11: 1.764616e+09 | B11: 47.046638 | C11: 20 | D11: 0 | E11: 0 | F11: 0 | G11: 20 | H11: 30 | I11: 20 | J11: 30 | K11: 0 | L11: STOPPED | M11: =A11-A10 -> 0.050209999 | N11: =C11-B11 -> -27.046638 | O11: =ABS(N11)*M11 -> 1.3580116 | P11: =N11^2 * M11 -> 36.729649 | Q11: =IF(C11<>C10, "OSCILLATION", "--") -> -- | R11: PV_peak | S11: =_xlfn.MAXIFS(B748:B1146, B748:B1146, "<60") -> 32.404363
A12: 1.764616e+09 | B12: 47.062993 | C12: 20 | D12: 0 | E12: 0 | F12: 0 | G12: 20 | H12: 30 | I12: 20 | J12: 30 | K12: 0 | L12: STOPPED | M12: =A12-A11 -> 0.050630093 | N12: =C12-B12 -> -27.062993 | O12: =ABS(N12)*M12 -> 1.3702018 | P12: =N12^2 * M12 -> 37.081763 | Q12: =IF(C12<>C11, "OSCILLATION", "--") -> -- | R12: Overshoot (%) | S12: =(ABS(S11-S10)/S10)*100 -> 8.0145439
A13: 1.764616e+09 | B13: 47.050726 | C13: 20 | D13: 0 | E13: 0 | F13: 0 | G13: 20 | H13: 30 | I13: 20 | J13: 30 | K13: 0 | L13: STOPPED | M13: =A13-A12 -> 0.052779913 | N13: =C13-B13 -> -27.050726 | O13: =ABS(N13)*M13 -> 1.427735 | P13: =N13^2 * M13 -> 38.621268 | Q13: =IF(C13<>C12, "OSCILLATION", "--") -> --
A14: 1.764616e+09 | B14: 47.087526 | C14: 20 | D14: 0 | E14: 0 | F14: 0 | G14: 20 | H14: 30 | I14: 20 | J14: 30 | K14: 0 | L14: STOPPED | M14: =A14-A13 -> 0.048629999 | N14: =C14-B14 -> -27.087526 | O14: =ABS(N14)*M14 -> 1.3172664 | P14: =N14^2 * M14 -> 35.681488 | Q14: =IF(C14<>C13, "OSCILLATION", "--") -> --
A15: 1.764616e+09 | B15: 47.471881 | C15: 20 | D15: 0 | E15: 0 | F15: 0 | G15: 20 | H15: 30 | I15: 20 | J15: 30 | K15: 0 | L15: STOPPED | M15: =A15-A14 -> 0.050090075 | N15: =C15-B15 -> -27.471881 | O15: =ABS(N15)*M15 -> 1.3760686 | P15: =N15^2 * M15 -> 37.803192 | Q15: =IF(C15<>C14, "OSCILLATION", "--") -> -- | R15: Fall Time: | S15: =S20-S19 -> 2.3075202
A16: 1.764616e+09 | B16: 47.459614 | C16: 20 | D16: 0 | E16: 0 | F16: 0 | G16: 20 | H16: 30 | I16: 20 | J16: 30 | K16: 0 | L16: STOPPED | M16: =A16-A15 -> 0.049769878 | N16: =C16-B16 -> -27.459614 | O16: =ABS(N16)*M16 -> 1.3666617 | P16: =N16^2 * M16 -> 37.528002 | Q16: =IF(C16<>C15, "OSCILLATION", "--") -> -- | R16: Total Change (cm) | S16: =30-20 -> 10
A17: 1.764616e+09 | B17: 48.976588 | C17: 20 | D17: 0 | E17: 0 | F17: 0 | G17: 20 | H17: 30 | I17: 20 | J17: 30 | K17: 0 | L17: STOPPED | M17: =A17-A16 -> 0.05136013 | N17: =C17-B17 -> -28.976588 | O17: =ABS(N17)*M17 -> 1.4882413 | P17: =N17^2 * M17 -> 43.124157 | Q17: =IF(C17<>C16, "OSCILLATION", "--") -> -- | R17: 10% Point (PV_10) (cm) | S17: =20+(10*0.1) -> 21
A18: 1.764616e+09 | B18: 47.11206 | C18: 20 | D18: 0 | E18: 0 | F18: 0 | G18: 20 | H18: 30 | I18: 20 | J18: 30 | K18: 0 | L18: STOPPED | M18: =A18-A17 -> 0.049599886 | N18: =C18-B18 -> -27.11206 | O18: =ABS(N18)*M18 -> 1.3447551 | P18: =N18^2 * M18 -> 36.459079 | Q18: =IF(C18<>C17, "OSCILLATION", "--") -> -- | R18: 90% Point (PV_90) (cm) | S18: =20+(10*0.9) -> 29
A19: 1.764616e+09 | B19: 47.091615 | C19: 20 | D19: 0 | E19: 0 | F19: 0 | G19: 20 | H19: 30 | I19: 20 | J19: 30 | K19: 0 | L19: STOPPED | M19: =A19-A18 -> 0.049300194 | N19: =C19-B19 -> -27.091615 | O19: =ABS(N19)*M19 -> 1.3356219 | P19: =N19^2 * M19 -> 36.184154 | Q19: =IF(C19<>C18, "OSCILLATION", "--") -> -- | R19: Time at 10% | S19: =A749 -> 1.764616e+09 | T19: Row 749 | U19: (First row after setpoint change where distance ≥ 21)
A20: 1.764616e+09 | B20: 47.43917 | C20: 20 | D20: 0 | E20: 0 | F20: 0 | G20: 20 | H20: 30 | I20: 20 | J20: 30 | K20: 0 | L20: STOPPED | M20: =A20-A19 -> 0.050040007 | N20: =C20-B20 -> -27.43917 | O20: =ABS(N20)*M20 -> 1.3730562 | P20: =N20^2 * M20 -> 37.675524 | Q20: =IF(C20<>C19, "OSCILLATION", "--") -> -- | R20: Time at 90% | S20: =A795 -> 1.764616e+09 | T20: Row 795 | U20: (First row after setpoint change where distance ≥ 29)
A21: 1.764616e+09 | B21: 47.062993 | C21: 20 | D21: 0 | E21: 0 | F21: 0 | G21: 20 | H21: 30 | I21: 20 | J21: 30 | K21: 0 | L21: STOPPED | M21: =A21-A20 -> 0.050529957 | N21: =C21-B21 -> -27.062993 | O21: =ABS(N21)*M21 -> 1.3674919 | P21: =N21^2 * M21 -> 37.008423 | Q21: =IF(C21<>C20, "OSCILLATION", "--") -> --
A22: 1.764616e+09 | B22: 47.067082 | C22: 20 | D22: 0 | E22: 0 | F22: 0 | G22: 20 | H22: 30 | I22: 20 | J22: 30 | K22: 0 | L22: STOPPED | M22: =A22-A21 -> 0.049959898 | N22: =C22-B22 -> -27.067082 | O22: =ABS(N22)*M22 -> 1.3522687 | P22: =N22^2 * M22 -> 36.601966 | Q22: =IF(C22<>C21, "OSCILLATION", "--") -> --
A23: 1.764616e+09 | B23: 47.091615 | C23: 20 | D23: 0 | E23: 0 | F23: 0 | G23: 20 | H23: 30 | I23: 20 | J23: 30 | K23: 0 | L23: STOPPED | M23: =A23-A22 -> 0.050270081 | N23: =C23-B23 -> -27.091615 | O23: =ABS(N23)*M23 -> 1.3618977 | P23: =N23^2 * M23 -> 36.896008 | Q23: =IF(C23<>C22, "OSCILLATION", "--") -> -- | R23: OSCILLATION | S23: B->A
A24: 1.764616e+09 | B24: 47.467792 | C24: 20 | D24: 0 | E24: 0 | F24: 0 | G24: 20 | H24: 30 | I24: 20 | J24: 30 | K24: 0 | L24: STOPPED | M24: =A24-A23 -> 0.049659967 | N24: =C24-B24 -> -27.467792 | O24: =ABS(N24)*M24 -> 1.3640497 | P24: =N24^2 * M24 -> 37.467432 | Q24: =IF(C24<>C23, "OSCILLATION", "--") -> -- | R24: Rows: | S24: 1147:1544
A25: 1.764616e+09 | B25: 47.467792 | C25: 20 | D25: 0 | E25: 0 | F25: 0 | G25: 20 | H25: 30 | I25: 20 | J25: 30 | K25: 0 | L25: STOPPED | M25: =A25-A24 -> 0.050659895 | N25: =C25-B25 -> -27.467792 | O25: =ABS(N25)*M25 -> 1.3915155 | P25: =N25^2 * M25 -> 38.221857 | Q25: =IF(C25<>C24, "OSCILLATION", "--") -> -- | R25: SP_new | S25: =20 -> 20
A26: 1.764616e+09 | B26: 47.034371 | C26: 20 | D26: 0 | E26: 0 | F26: 0 | G26: 20 | H26: 30 | I26: 20 | J26: 30 | K26: 0 | L26: STOPPED | M26: =A26-A25 -> 0.050170183 | N26: =C26-B26 -> -27.034371 | O26: =ABS(N26)*M26 -> 1.3563193 | P26: =N26^2 * M26 -> 36.66724 | Q26: =IF(C26<>C25, "OSCILLATION", "--") -> -- | R26: PV_valley | S26: =MIN(B1147:B1544) -> 19.622529
A27: 1.764616e+09 | B27: 47.447348 | C27: 20 | D27: 0 | E27: 0 | F27: 0 | G27: 20 | H27: 30 | I27: 20 | J27: 30 | K27: 0 | L27: STOPPED | M27: =A27-A26 -> 0.051869869 | N27: =C27-B27 -> -27.447348 | O27: =ABS(N27)*M27 -> 1.4236903 | P27: =N27^2 * M27 -> 39.076524 | Q27: =IF(C27<>C26, "OSCILLATION", "--") -> -- | R27: Overshoot (%) | S27: =(ABS(S26-S25)/S25)*100 -> 1.8873572
A28: 1.764616e+09 | B28: 47.054815 | C28: 20 | D28: 0 | E28: 0 | F28: 0 | G28: 20 | H28: 30 | I28: 20 | J28: 30 | K28: 0 | L28: STOPPED | M28: =A28-A27 -> 0.048690081 | N28: =C28-B28 -> -27.054815 | O28: =ABS(N28)*M28 -> 1.3173011 | P28: =N28^2 * M28 -> 35.639339 | Q28: =IF(C28<>C27, "OSCILLATION", "--") -> --
A29: 1.764616e+09 | B29: 47.062993 | C29: 20 | D29: 0 | E29: 0 | F29: 0 | G29: 20 | H29: 30 | I29: 20 | J29: 30 | K29: 0 | L29: STOPPED | M29: =A29-A28 -> 0.050149918 | N29: =C29-B29 -> -27.062993 | O29: =ABS(N29)*M29 -> 1.3572069 | P29: =N29^2 * M29 -> 36.73008 | Q29: =IF(C29<>C28, "OSCILLATION", "--") -> --
A30: 1.764616e+09 | B30: 47.455525 | C30: 20 | D30: 0 | E30: 0 | F30: 0 | G30: 20 | H30: 30 | I30: 20 | J30: 30 | K30: 0 | L30: STOPPED | M30: =A30-A29 -> 0.049950123 | N30: =C30-B30 -> -27.455525 | O30: =ABS(N30)*M30 -> 1.3714069 | P30: =N30^2 * M30 -> 37.652696 | Q30: =IF(C30<>C29, "OSCILLATION", "--") -> -- | R30: Rise Time: | S30: =S35-S34 -> 7.8306899
A31: 1.764616e+09 | B31: 47.07526 | C31: 20 | D31: 0 | E31: 0 | F31: 0 | G31: 20 | H31: 30 | I31: 20 | J31: 30 | K31: 0 | L31: STOPPED | M31: =A31-A30 -> 0.05005002 | N31: =C31-B31 -> -27.07526 | O31: =ABS(N31)*M31 -> 1.3551173 | P31: =N31^2 * M31 -> 36.690153 | Q31: =IF(C31<>C30, "OSCILLATION", "--") -> -- | R31: Total Change (cm) | S31: =30-20 -> 10
A32: 1.764616e+09 | B32: 47.018015 | C32: 20 | D32: 0 | E32: 0 | F32: 0 | G32: 20 | H32: 30 | I32: 20 | J32: 30 | K32: 0 | L32: STOPPED | M32: =A32-A31 -> 0.051549911 | N32: =C32-B32 -> -27.018015 | O32: =ABS(N32)*M32 -> 1.3927763 | P32: =N32^2 * M32 -> 37.630052 | Q32: =IF(C32<>C31, "OSCILLATION", "--") -> -- | R32: 10% Point (PV_10) (cm) | S32: =30-(10*0.1) -> 29
A33: 1.764616e+09 | B33: 47.079349 | C33: 20 | D33: 0 | E33: 0 | F33: 0 | G33: 20 | H33: 30 | I33: 20 | J33: 30 | K33: 0 | L33: STOPPED | M33: =A33-A32 -> 0.049160004 | N33: =C33-B33 -> -27.079349 | O33: =ABS(N33)*M33 -> 1.3312209 | P33: =N33^2 * M33 -> 36.048594 | Q33: =IF(C33<>C32, "OSCILLATION", "--") -> -- | R33: 90% Point (PV_90) (cm) | S33: =30-(10*0.9) -> 21
A34: 1.764616e+09 | B34: 47.046638 | C34: 20 | D34: 0 | E34: 0 | F34: 0 | G34: 20 | H34: 30 | I34: 20 | J34: 30 | K34: 0 | L34: STOPPED | M34: =A34-A33 -> 0.050400019 | N34: =C34-B34 -> -27.046638 | O34: =ABS(N34)*M34 -> 1.363151 | P34: =N34^2 * M34 -> 36.868652 | Q34: =IF(C34<>C33, "OSCILLATION", "--") -> -- | R34: Time at 10% | S34: =A1169 -> 1.764616e+09 | T34: Row 1169 | U34: (First row after setpoint change where distance ≤ 29)
A35: 1.764616e+09 | B35: 47.467792 | C35: 20 | D35: 0 | E35: 0 | F35: 0 | G35: 20 | H35: 30 | I35: 20 | J35: 30 | K35: 0 | L35: STOPPED | M35: =A35-A34 -> 0.050260067 | N35: =C35-B35 -> -27.467792 | O35: =ABS(N35)*M35 -> 1.3805331 | P35: =N35^2 * M35 -> 37.920195 | Q35: =IF(C35<>C34, "OSCILLATION", "--") -> -- | R35: Time at 90% | S35: =A1325 -> 1.764616e+09 | T35: Row 1325 | U35: (First row after setpoint change where distance ≤ 21)
A36: 1.764616e+09 | B36: 47.067082 | C36: 20 | D36: 0 | E36: 0 | F36: 0 | G36: 20 | H36: 30 | I36: 20 | J36: 30 | K36: 0 | L36: STOPPED | M36: =A36-A35 -> 0.049569845 | N36: =C36-B36 -> -27.067082 | O36: =ABS(N36)*M36 -> 1.3417111 | P36: =N36^2 * M36 -> 36.316203 | Q36: =IF(C36<>C35, "OSCILLATION", "--") -> --
A37: 1.764616e+09 | B37: 47.480059 | C37: 20 | D37: 0 | E37: 0 | F37: 0 | G37: 20 | H37: 30 | I37: 20 | J37: 30 | K37: 0 | L37: STOPPED | M37: =A37-A36 -> 0.051040173 | N37: =C37-B37 -> -27.480059 | O37: =ABS(N37)*M37 -> 1.4025869 | P37: =N37^2 * M37 -> 38.543171 | Q37: =IF(C37<>C36, "OSCILLATION", "--") -> --
A38: 1.764616e+09 | B38: 47.058904 | C38: 20 | D38: 0 | E38: 0 | F38: 0 | G38: 20 | H38: 30 | I38: 20 | J38: 30 | K38: 0 | L38: STOPPED | M38: =A38-A37 -> 0.049929857 | N38: =C38-B38 -> -27.058904 | O38: =ABS(N38)*M38 -> 1.3510472 | P38: =N38^2 * M38 -> 36.557857 | Q38: =IF(C38<>C37, "OSCILLATION", "--") -> --
A39: 1.764616e+09 | B39: 47.067082 | C39: 20 | D39: 0 | E39: 0 | F39: 0 | G39: 20 | H39: 30 | I39: 20 | J39: 30 | K39: 0 | L39: STOPPED | M39: =A39-A38 -> 0.049790144 | N39: =C39-B39 -> -27.067082 | O39: =ABS(N39)*M39 -> 1.3476739 | P39: =N39^2 * M39 -> 36.4776 | Q39: =IF(C39<>C38, "OSCILLATION", "--") -> --
A40: 1.764616e+09 | B40: 47.418725 | C40: 20 | D40: 0 | E40: 0 | F40: 0 | G40: 20 | H40: 30 | I40: 20 | J40: 30 | K40: 0 | L40: STOPPED | M40: =A40-A39 -> 0.050559998 | N40: =C40-B40 -> -27.418725 | O40: =ABS(N40)*M40 -> 1.3862907 | P40: =N40^2 * M40 -> 38.010324 | Q40: =IF(C40<>C39, "OSCILLATION", "--") -> --
A41: 1.764616e+09 | B41: 47.435081 | C41: 20 | D41: 0 | E41: 0 | F41: 0 | G41: 20 | H41: 30 | I41: 20 | J41: 30 | K41: 0 | L41: STOPPED | M41: =A41-A40 -> 0.050079823 | N41: =C41-B41 -> -27.435081 | O41: =ABS(N41)*M41 -> 1.373944 | P41: =N41^2 * M41 -> 37.694265 | Q41: =IF(C41<>C40, "OSCILLATION", "--") -> --
A42: 1.764616e+09 | B42: 47.046638 | C42: 20 | D42: 0 | E42: 0 | F42: 0 | G42: 20 | H42: 30 | I42: 20 | J42: 30 | K42: 0 | L42: STOPPED | M42: =A42-A41 -> 0.050199986 | N42: =C42-B42 -> -27.046638 | O42: =ABS(N42)*M42 -> 1.3577408 | P42: =N42^2 * M42 -> 36.722324 | Q42: =IF(C42<>C41, "OSCILLATION", "--") -> --
A43: 1.764616e+09 | B43: 47.046638 | C43: 20 | D43: 0 | E43: 0 | F43: 0 | G43: 20 | H43: 30 | I43: 20 | J43: 30 | K43: 0 | L43: STOPPED | M43: =A43-A42 -> 0.050880194 | N43: =C43-B43 -> -27.046638 | O43: =ABS(N43)*M43 -> 1.3761382 | P43: =N43^2 * M43 -> 37.21991 | Q43: =IF(C43<>C42, "OSCILLATION", "--") -> --
A44: 1.764616e+09 | B44: 47.471881 | C44: 20 | D44: 0 | E44: 0 | F44: 0 | G44: 20 | H44: 30 | I44: 20 | J44: 30 | K44: 0 | L44: STOPPED | M44: =A44-A43 -> 0.0490098 | N44: =C44-B44 -> -27.471881 | O44: =ABS(N44)*M44 -> 1.3463914 | P44: =N44^2 * M44 -> 36.987904 | Q44: =IF(C44<>C43, "OSCILLATION", "--") -> --
A45: 1.764616e+09 | B45: 47.459614 | C45: 20 | D45: 0 | E45: 0 | F45: 0 | G45: 20 | H45: 30 | I45: 20 | J45: 30 | K45: 0 | L45: STOPPED | M45: =A45-A44 -> 0.050209999 | N45: =C45-B45 -> -27.459614 | O45: =ABS(N45)*M45 -> 1.3787472 | P45: =N45^2 * M45 -> 37.859867 | Q45: =IF(C45<>C44, "OSCILLATION", "--") -> --
A46: 1.764616e+09 | B46: 47.034371 | C46: 20 | D46: 0 | E46: 0 | F46: 0 | G46: 20 | H46: 30 | I46: 20 | J46: 30 | K46: 0 | L46: STOPPED | M46: =A46-A45 -> 0.051700115 | N46: =C46-B46 -> -27.034371 | O46: =ABS(N46)*M46 -> 1.3976801 | P46: =N46^2 * M46 -> 37.785402 | Q46: =IF(C46<>C45, "OSCILLATION", "--") -> --
A47: 1.764616e+09 | B47: 47.095704 | C47: 20 | D47: 0 | E47: 0 | F47: 0 | G47: 20 | H47: 30 | I47: 20 | J47: 30 | K47: 0 | L47: STOPPED | M47: =A47-A46 -> 0.049459934 | N47: =C47-B47 -> -27.095704 | O47: =ABS(N47)*M47 -> 1.3401517 | P47: =N47^2 * M47 -> 36.312355 | Q47: =IF(C47<>C46, "OSCILLATION", "--") -> --
... A73: 1.764616e+09 | B73: 47.071171 | C73: 20 | D73: 0 | E73: 0 | F73: 0 | G73: 20 | H73: 30 | I73: 20 | J73: 30 | K73: 0 | L73: STOPPED | M73: =A73-A72 -> 0.049770117 | N73: =C73-B73 -> -27.071171 | O73: =ABS(N73)*M73 -> 1.3473353 | P73: =N73^2 * M73 -> 36.473945 | Q73: =IF(C73<>C72, "OSCILLATION", "--") -> --
A74: 1.764616e+09 | B74: 47.459614 | C74: 30 | D74: 255 | E74: 0 | F74: 0 | G74: 20 | H74: 30 | I74: 20 | J74: 20 | K74: 13.777114391326904 | L74: RUNNING | M74: =A74-A73 -> 0.050199986 | N74: =C74-B74 -> -17.459614 | O74: =ABS(N74)*M74 -> 0.87647238 | P74: =N74^2 * M74 -> 15.30287 | Q74: =IF(C74<>C73, "OSCILLATION", "--") -> OSCILLATION
A75: 1.764616e+09 | B75: 47.455525 | C75: 30 | D75: 255 | E75: 0 | F75: 0 | G75: 20 | H75: 30 | I75: 20 | J75: 20 | K75: 13.72707462310791 | L75: RUNNING | M75: =A75-A74 -> 0.050019979 | N75: =C75-B75 -> -17.455525 | O75: =ABS(N75)*M75 -> 0.87312502 | P75: =N75^2 * M75 -> 15.240856 | Q75: =IF(C75<>C74, "OSCILLATION", "--") -> --
A76: 1.764616e+09 | B76: 47.459614 | C76: 30 | D76: 255 | E76: 0 | F76: 0 | G76: 20 | H76: 30 | I76: 20 | J76: 20 | K76: 13.676948547363281 | L76: RUNNING | M76: =A76-A75 -> 0.050040007 | N76: =C76-B76 -> -17.459614 | O76: =ABS(N76)*M76 -> 0.87367921 | P76: =N76^2 * M76 -> 15.254102 | Q76: =IF(C76<>C75, "OSCILLATION", "--") -> --
A77: 1.764616e+09 | B77: 47.062993 | C77: 30 | D77: 255 | E77: 0 | F77: 0 | G77: 20 | H77: 30 | I77: 20 | J77: 20 | K77: 13.625840425491333 | L77: RUNNING | M77: =A77-A76 -> 0.051369905 | N77: =C77-B77 -> -17.062993 | O77: =ABS(N77)*M77 -> 0.87652434 | P77: =N77^2 * M77 -> 14.956129 | Q77: =IF(C77<>C76, "OSCILLATION", "--") -> --
A78: 1.764616e+09 | B78: 47.459614 | C78: 30 | D78: 255 | E78: 0 | F78: 0 | G78: 20 | H78: 30 | I78: 20 | J78: 20 | K78: 13.575307369232178 | L78: RUNNING | M78: =A78-A77 -> 0.05092001 | N78: =C78-B78 -> -17.459614 | O78: =ABS(N78)*M78 -> 0.88904373 | P78: =N78^2 * M78 -> 15.522361 | Q78: =IF(C78<>C77, "OSCILLATION", "--") -> --
A79: 1.764616e+09 | B79: 47.173393 | C79: 30 | D79: 255 | E79: 0 | F79: 0 | G79: 20 | H79: 30 | I79: 20 | J79: 20 | K79: 13.526220083236694 | L79: RUNNING | M79: =A79-A78 -> 0.048629999 | N79: =C79-B79 -> -17.173393 | O79: =ABS(N79)*M79 -> 0.83514208 | P79: =N79^2 * M79 -> 14.342223 | Q79: =IF(C79<>C78, "OSCILLATION", "--") -> --
A80: 1.764616e+09 | B80: 47.459614 | C80: 30 | D80: 255 | E80: 0 | F80: 0 | G80: 20 | H80: 30 | I80: 20 | J80: 20 | K80: 13.475732564926147 | L80: RUNNING | M80: =A80-A79 -> 0.050540209 | N80: =C80-B80 -> -17.459614 | O80: =ABS(N80)*M80 -> 0.88241255 | P80: =N80^2 * M80 -> 15.406583 | Q80: =IF(C80<>C79, "OSCILLATION", "--") -> --
A81: 1.764616e+09 | B81: 47.852147 | C81: 30 | D81: 255 | E81: 0 | F81: 0 | G81: 20 | H81: 30 | I81: 20 | J81: 20 | K81: 13.42563509941101 | L81: RUNNING | M81: =A81-A80 -> 0.050239801 | N81: =C81-B81 -> -17.852147 | O81: =ABS(N81)*M81 -> 0.8968883 | P81: =N81^2 * M81 -> 16.011381 | Q81: =IF(C81<>C80, "OSCILLATION", "--") -> --
A82: 1.764616e+09 | B82: 46.654105 | C82: 30 | D82: 255 | E82: 0 | F82: 0 | G82: 20 | H82: 30 | I82: 20 | J82: 20 | K82: 13.375497579574585 | L82: RUNNING | M82: =A82-A81 -> 0.049849987 | N82: =C82-B82 -> -16.654105 | O82: =ABS(N82)*M82 -> 0.83020693 | P82: =N82^2 * M82 -> 13.826353 | Q82: =IF(C82<>C81, "OSCILLATION", "--") -> --
A83: 1.764616e+09 | B83: 46.192062 | C83: 30 | D83: 255 | E83: 0 | F83: 0 | G83: 20 | H83: 30 | I83: 20 | J83: 20 | K83: 13.32460331916809 | L83: RUNNING | M83: =A83-A82 -> 0.051290035 | N83: =C83-B83 -> -16.192062 | O83: =ABS(N83)*M83 -> 0.83049143 | P83: =N83^2 * M83 -> 13.447369 | Q83: =IF(C83<>C82, "OSCILLATION", "--") -> --
A84: 1.764616e+09 | B84: 46.858549 | C84: 30 | D84: 255 | E84: 0 | F84: 0 | G84: 20 | H84: 30 | I84: 20 | J84: 20 | K84: 13.274344205856323 | L84: RUNNING | M84: =A84-A83 -> 0.050260067 | N84: =C84-B84 -> -16.858549 | O84: =ABS(N84)*M84 -> 0.84731181 | P84: =N84^2 * M84 -> 14.284448 | Q84: =IF(C84<>C83, "OSCILLATION", "--") -> --
A85: 1.764616e+09 | B85: 45.243442 | C85: 30 | D85: 255 | E85: 0 | F85: 0 | G85: 20 | H85: 30 | I85: 20 | J85: 20 | K85: 13.224596738815308 | L85: RUNNING | M85: =A85-A84 -> 0.049590111 | N85: =C85-B85 -> -15.243442 | O85: =ABS(N85)*M85 -> 0.75592398 | P85: =N85^2 * M85 -> 11.522883 | Q85: =IF(C85<>C84, "OSCILLATION", "--") -> --
... A159: 1.764616e+09 | B159: 31.361699 | C159: 30 | D159: 242 | E159: 0 | F159: 0 | G159: 20 | H159: 30 | I159: 20 | J159: 20 | K159: 9.508681535720825 | L159: RUNNING | M159: =A159-A158 -> 0.05250001 | N159: =C159-B159 -> -1.3616991 | O159: =ABS(N159)*M159 -> 0.071489216 | P159: =N159^2 * M159 -> 0.097346801 | Q159: =IF(C159<>C158, "OSCILLATION", "--") -> --
A160: 1.764616e+09 | B160: 30.838323 | C160: 30 | D160: 242 | E160: 0 | F160: 0 | G160: 20 | H160: 30 | I160: 20 | J160: 20 | K160: 9.4593163 | L160: RUNNING | M160: =A160-A159 -> 0.049400091 | N160: =C160-B160 -> -0.83832264 | O160: =ABS(N160)*M160 -> 0.041413215 | P160: =N160^2 * M160 -> 0.034717636 | Q160: =IF(C160<>C159, "OSCILLATION", "--") -> --
A161: 1.764616e+09 | B161: 32.940006 | C161: 30 | D161: 255 | E161: 0 | F161: 0 | G161: 20 | H161: 30 | I161: 20 | J161: 20 | K161: 9.409085273742676 | L161: RUNNING | M161: =A161-A160 -> 0.050029993 | N161: =C161-B161 -> -2.9400063 | O161: =ABS(N161)*M161 -> 0.14708849 | P161: =N161^2 * M161 -> 0.43244109 | Q161: =IF(C161<>C160, "OSCILLATION", "--") -> --
A162: 1.764616e+09 | B162: 30.564368 | C162: 30 | D162: 255 | E162: 0 | F162: 0 | G162: 20 | H162: 30 | I162: 20 | J162: 20 | K162: 9.359635829925537 | L162: RUNNING | M162: =A162-A161 -> 0.049520016 | N162: =C162-B162 -> -0.56436777 | O162: =ABS(N162)*M162 -> 0.027947501 | P162: =N162^2 * M162 -> 0.015772669 | Q162: =IF(C162<>C161, "OSCILLATION", "--") -> --
A163: 1.764616e+09 | B163: 30.314946 | C163: 30 | D163: 80 | E163: 0 | F163: 0 | G163: 20 | H163: 30 | I163: 20 | J163: 20 | K163: 9.309314250946045 | L163: RUNNING | M163: =A163-A162 -> 0.050869942 | N163: =C163-B163 -> -0.31494617 | O163: =ABS(N163)*M163 -> 0.016021294 | P163: =N163^2 * M163 -> 0.0050458451 | Q163: =IF(C163<>C162, "OSCILLATION", "--") -> --
A164: 1.764616e+09 | B164: 30.568457 | C164: 30 | D164: 103 | E164: 0 | F164: 0 | G164: 20 | H164: 30 | I164: 20 | J164: 20 | K164: 9.258394479751587 | L164: RUNNING | M164: =A164-A163 -> 0.050279856 | N164: =C164-B164 -> -0.56845665 | O164: =ABS(N164)*M164 -> 0.028581918 | P164: =N164^2 * M164 -> 0.016247582 | Q164: =IF(C164<>C163, "OSCILLATION", "--") -> --
A165: 1.764616e+09 | B165: 31.361699 | C165: 30 | D165: 103 | E165: 0 | F165: 0 | G165: 20 | H165: 30 | I165: 20 | J165: 20 | K165: 9.208923101425171 | L165: RUNNING | M165: =A165-A164 -> 0.049319983 | N165: =C165-B165 -> -1.3616991 | O165: =ABS(N165)*M165 -> 0.067158976 | P165: =N165^2 * M165 -> 0.091450318 | Q165: =IF(C165<>C164, "OSCILLATION", "--") -> --
A166: 1.764616e+09 | B166: 31.349432 | C166: 30 | D166: 233 | E166: 0 | F166: 0 | G166: 20 | H166: 30 | I166: 20 | J166: 20 | K166: 9.158920049667358 | L166: RUNNING | M166: =A166-A165 -> 0.049880028 | N166: =C166-B166 -> -1.3494325 | O166: =ABS(N166)*M166 -> 0.067309729 | P166: =N166^2 * M166 -> 0.090829934 | Q166: =IF(C166<>C165, "OSCILLATION", "--") -> --
A167: 1.764616e+09 | B167: 29.807925 | C167: 30 | D167: 80 | E167: 0 | F167: 0 | G167: 20 | H167: 30 | I167: 20 | J167: 20 | K167: 9.1084886 | L167: RUNNING | M167: =A167-A166 -> 0.051120043 | N167: =C167-B167 -> 0.19207478 | O167: =ABS(N167)*M167 -> 0.0098188708 | P167: =N167^2 * M167 -> 0.0018859574 | Q167: =IF(C167<>C166, "OSCILLATION", "--") -> --
A168: 1.764616e+09 | B168: 31.353521 | C168: 30 | D168: 252 | E168: 0 | F168: 0 | G168: 20 | H168: 30 | I168: 20 | J168: 20 | K168: 9.057676315307617 | L168: RUNNING | M168: =A168-A167 -> 0.050359964 | N168: =C168-B168 -> -1.3535213 | O168: =ABS(N168)*M168 -> 0.068163287 | P168: =N168^2 * M168 -> 0.092260464 | Q168: =IF(C168<>C167, "OSCILLATION", "--") -> --
A169: 1.764616e+09 | B169: 29.697526 | C169: 30 | D169: 80 | E169: 0 | F169: 0 | G169: 20 | H169: 30 | I169: 20 | J169: 20 | K169: 9.007583379745483 | L169: RUNNING | M169: =A169-A168 -> 0.049990177 | N169: =C169-B169 -> 0.3024745 | O169: =ABS(N169)*M169 -> 0.015120754 | P169: =N169^2 * M169 -> 0.0045736424 | Q169: =IF(C169<>C168, "OSCILLATION", "--") -> --
A170: 1.764616e+09 | B170: 30.314946 | C170: 30 | D170: 80 | E170: 0 | F170: 0 | G170: 20 | H170: 30 | I170: 20 | J170: 20 | K170: 8.957111597061157 | L170: RUNNING | M170: =A170-A169 -> 0.050679922 | N170: =C170-B170 -> -0.31494617 | O170: =ABS(N170)*M170 -> 0.015961448 | P170: =N170^2 * M170 -> 0.0050269969 | Q170: =IF(C170<>C169, "OSCILLATION", "--") -> --
A171: 1.764616e+09 | B171: 31.112278 | C171: 30 | D171: 80 | E171: 0 | F171: 0 | G171: 20 | H171: 30 | I171: 20 | J171: 20 | K171: 8.907201528549194 | L171: RUNNING | M171: =A171-A170 -> 0.049669981 | N171: =C171-B171 -> -1.1122775 | O171: =ABS(N171)*M171 -> 0.055246803 | P171: =N171^2 * M171 -> 0.061449776 | Q171: =IF(C171<>C170, "OSCILLATION", "--") -> --
A172: 1.764616e+09 | B172: 31.091833 | C172: 30 | D172: 195 | E172: 0 | F172: 0 | G172: 20 | H172: 30 | I172: 20 | J172: 20 | K172: 8.857437133789062 | L172: RUNNING | M172: =A172-A171 -> 0.050260067 | N172: =C172-B172 -> -1.0918331 | O172: =ABS(N172)*M172 -> 0.054875605 | P172: =N172^2 * M172 -> 0.059915003 | Q172: =IF(C172<>C171, "OSCILLATION", "--") -> --
A173: 1.764616e+09 | B173: 31.880987 | C173: 30 | D173: 255 | E173: 0 | F173: 0 | G173: 20 | H173: 30 | I173: 20 | J173: 20 | K173: 8.807334899902344 | L173: RUNNING | M173: =A173-A172 -> 0.049579859 | N173: =C173-B173 -> -1.8809867 | O173: =ABS(N173)*M173 -> 0.093259054 | P173: =N173^2 * M173 -> 0.17541904 | Q173: =IF(C173<>C172, "OSCILLATION", "--") -> --
A174: 1.764616e+09 | B174: 30.834234 | C174: 30 | D174: 112 | E174: 0 | F174: 0 | G174: 20 | H174: 30 | I174: 20 | J174: 20 | K174: 8.756924867630005 | L174: RUNNING | M174: =A174-A173 -> 0.050359964 | N174: =C174-B174 -> -0.83423376 | O174: =ABS(N174)*M174 -> 0.042011982 | P174: =N174^2 * M174 -> 0.035047814 | Q174: =IF(C174<>C173, "OSCILLATION", "--") -> --
A175: 1.764616e+09 | B175: 31.586587 | C175: 30 | D175: 255 | E175: 0 | F175: 0 | G175: 20 | H175: 30 | I175: 20 | J175: 20 | K175: 8.706940412521362 | L175: RUNNING | M175: =A175-A174 -> 0.050000191 | N175: =C175-B175 -> -1.5865874 | O175: =ABS(N175)*M175 -> 0.079329674 | P175: =N175^2 * M175 -> 0.12586346 | Q175: =IF(C175<>C174, "OSCILLATION", "--") -> --
A176: 1.764616e+09 | B176: 31.86872 | C176: 30 | D176: 255 | E176: 0 | F176: 0 | G176: 20 | H176: 30 | I176: 20 | J176: 20 | K176: 8.656847953796387 | L176: RUNNING | M176: =A176-A175 -> 0.050089836 | N176: =C176-B176 -> -1.8687201 | O176: =ABS(N176)*M176 -> 0.093603881 | P176: =N176^2 * M176 -> 0.17491945 | Q176: =IF(C176<>C175, "OSCILLATION", "--") -> --
A177: 1.764616e+09 | B177: 30.834234 | C177: 30 | D177: 113 | E177: 0 | F177: 0 | G177: 20 | H177: 30 | I177: 20 | J177: 20 | K177: 8.606661319732666 | L177: RUNNING | M177: =A177-A176 -> 0.050220013 | N177: =C177-B177 -> -0.83423376 | O177: =ABS(N177)*M177 -> 0.04189523 | P177: =N177^2 * M177 -> 0.034950415 | Q177: =IF(C177<>C176, "OSCILLATION", "--") -> --
A178: 1.764616e+09 | B178: 31.0673 | C178: 30 | D178: 178 | E178: 0 | F178: 0 | G178: 20 | H178: 30 | I178: 20 | J178: 20 | K178: 8.5563171 | L178: RUNNING | M178: =A178-A177 -> 0.050559998 | N178: =C178-B178 -> -1.0672998 | O178: =ABS(N178)*M178 -> 0.053962677 | P178: =N178^2 * M178 -> 0.057594357 | Q178: =IF(C178<>C177, "OSCILLATION", "--") -> --
A179: 1.764616e+09 | B179: 31.095922 | C179: 30 | D179: 178 | E179: 0 | F179: 0 | G179: 20 | H179: 30 | I179: 20 | J179: 20 | K179: 8.506054162979126 | L179: RUNNING | M179: =A179-A178 -> 0.050009966 | N179: =C179-B179 -> -1.095922 | O179: =ABS(N179)*M179 -> 0.054807022 | P179: =N179^2 * M179 -> 0.06006422 | Q179: =IF(C179<>C178, "OSCILLATION", "--") -> --
A180: 1.764616e+09 | B180: 30.036902 | C180: 30 | D180: 80 | E180: 0 | F180: 0 | G180: 20 | H180: 30 | I180: 20 | J180: 20 | K180: 8.455399751663208 | L180: RUNNING | M180: =A180-A179 -> 0.050640106 | N180: =C180-B180 -> -0.036902428 | O180: =ABS(N180)*M180 -> 0.0018687429 | P180: =N180^2 * M180 -> 6.8961148e-05 | Q180: =IF(C180<>C179, "OSCILLATION", "--") -> --
A181: 1.764616e+09 | B181: 30.826056 | C181: 30 | D181: 80 | E181: 0 | F181: 0 | G181: 20 | H181: 30 | I181: 20 | J181: 20 | K181: 8.405805110931396 | L181: RUNNING | M181: =A181-A180 -> 0.049530029 | N181: =C181-B181 -> -0.826056 | O181: =ABS(N181)*M181 -> 0.040914578 | P181: =N181^2 * M181 -> 0.033797733 | Q181: =IF(C181<>C180, "OSCILLATION", "--") -> --
A182: 1.764616e+09 | B182: 31.100011 | C182: 30 | D182: 203 | E182: 0 | F182: 0 | G182: 20 | H182: 30 | I182: 20 | J182: 20 | K182: 8.355208396911621 | L182: RUNNING | M182: =A182-A181 -> 0.051189899 | N182: =C182-B182 -> -1.1000109 | O182: =ABS(N182)*M182 -> 0.056309446 | P182: =N182^2 * M182 -> 0.061941003 | Q182: =IF(C182<>C181, "OSCILLATION", "--") -> --
A183: 1.764616e+09 | B183: 31.071389 | C183: 30 | D183: 173 | E183: 0 | F183: 0 | G183: 20 | H183: 30 | I183: 20 | J183: 20 | K183: 8.3049502 | L183: RUNNING | M183: =A183-A182 -> 0.049880028 | N183: =C183-B183 -> -1.0713887 | O183: =ABS(N183)*M183 -> 0.053440899 | P183: =N183^2 * M183 -> 0.057255977 | Q183: =IF(C183<>C182, "OSCILLATION", "--") -> --
A184: 1.764616e+09 | B184: 30.801523 | C184: 30 | D184: 126 | E184: 0 | F184: 0 | G184: 20 | H184: 30 | I184: 20 | J184: 20 | K184: 8.254342794418335 | L184: RUNNING | M184: =A184-A183 -> 0.050709963 | N184: =C184-B184 -> -0.80152273 | O184: =ABS(N184)*M184 -> 0.040645188 | P184: =N184^2 * M184 -> 0.032578042 | Q184: =IF(C184<>C183, "OSCILLATION", "--") -> --
A185: 1.764616e+09 | B185: 31.86872 | C185: 30 | D185: 255 | E185: 0 | F185: 0 | G185: 20 | H185: 30 | I185: 20 | J185: 20 | K185: 8.203344345092773 | L185: RUNNING | M185: =A185-A184 -> 0.05092001 | N185: =C185-B185 -> -1.8687201 | O185: =ABS(N185)*M185 -> 0.095155243 | P185: =N185^2 * M185 -> 0.17781851 | Q185: =IF(C185<>C184, "OSCILLATION", "--") -> --
A186: 1.764616e+09 | B186: 31.594765 | C186: 30 | D186: 255 | E186: 0 | F186: 0 | G186: 20 | H186: 30 | I186: 20 | J186: 20 | K186: 8.153940677642822 | L186: RUNNING | M186: =A186-A185 -> 0.049410105 | N186: =C186-B186 -> -1.5947652 | O186: =ABS(N186)*M186 -> 0.078797515 | P186: =N186^2 * M186 -> 0.12566353 | Q186: =IF(C186<>C185, "OSCILLATION", "--") -> --
A187: 1.764616e+09 | B187: 31.369877 | C187: 30 | D187: 206 | E187: 0 | F187: 0 | G187: 20 | H187: 30 | I187: 20 | J187: 20 | K187: 8.1036377 | L187: RUNNING | M187: =A187-A186 -> 0.051699877 | N187: =C187-B187 -> -1.3698769 | O187: =ABS(N187)*M187 -> 0.070822465 | P187: =N187^2 * M187 -> 0.097018056 | Q187: =IF(C187<>C186, "OSCILLATION", "--") -> --
A188: 1.764616e+09 | B188: 30.314946 | C188: 30 | D188: 206 | E188: 0 | F188: 0 | G188: 20 | H188: 30 | I188: 20 | J188: 20 | K188: 8.053858518600464 | L188: RUNNING | M188: =A188-A187 -> 0.048110008 | N188: =C188-B188 -> -0.31494617 | O188: =ABS(N188)*M188 -> 0.015152063 | P188: =N188^2 * M188 -> 0.0047720843 | Q188: =IF(C188<>C187, "OSCILLATION", "--") -> --
A189: 1.764616e+09 | B189: 31.091833 | C189: 30 | D189: 170 | E189: 0 | F189: 0 | G189: 20 | H189: 30 | I189: 20 | J189: 20 | K189: 8.003093957901001 | L189: RUNNING | M189: =A189-A188 -> 0.052190065 | N189: =C189-B189 -> -1.0918331 | O189: =ABS(N189)*M189 -> 0.056982842 | P189: =N189^2 * M189 -> 0.062215753 | Q189: =IF(C189<>C188, "OSCILLATION", "--") -> --
A190: 1.764616e+09 | B190: 31.087744 | C190: 30 | D190: 170 | E190: 0 | F190: 0 | G190: 20 | H190: 30 | I190: 20 | J190: 20 | K190: 7.9535112380981445 | L190: RUNNING | M190: =A190-A189 -> 0.048449993 | N190: =C190-B190 -> -1.0877442 | O190: =ABS(N190)*M190 -> 0.052701201 | P190: =N190^2 * M190 -> 0.057325427 | Q190: =IF(C190<>C189, "OSCILLATION", "--") -> --
A191: 1.764616e+09 | B191: 29.996014 | C191: 30 | D191: 80 | E191: 0 | F191: 0 | G191: 20 | H191: 30 | I191: 20 | J191: 20 | K191: 7.903437852859497 | L191: RUNNING | M191: =A191-A190 -> 0.049979925 | N191: =C191-B191 -> 0.0039863586 | O191: =ABS(N191)*M191 -> 0.00019923791 | P191: =N191^2 * M191 -> 7.9423375e-07 | Q191: =IF(C191<>C190, "OSCILLATION", "--") -> --
A192: 1.764616e+09 | B192: 30.286324 | C192: 30 | D192: 80 | E192: 0 | F192: 0 | G192: 20 | H192: 30 | I192: 20 | J192: 20 | K192: 7.853286027908325 | L192: RUNNING | M192: =A192-A191 -> 0.050360203 | N192: =C192-B192 -> -0.28632402 | O192: =ABS(N192)*M192 -> 0.014419336 | P192: =N192^2 * M192 -> 0.0041286023 | Q192: =IF(C192<>C191, "OSCILLATION", "--") -> --
A193: 1.764616e+09 | B193: 32.645607 | C193: 30 | D193: 255 | E193: 0 | F193: 0 | G193: 20 | H193: 30 | I193: 20 | J193: 20 | K193: 7.802702188491821 | L193: RUNNING | M193: =A193-A192 -> 0.05092001 | N193: =C193-B193 -> -2.645607 | O193: =ABS(N193)*M193 -> 0.13471433 | P193: =N193^2 * M193 -> 0.35640118 | Q193: =IF(C193<>C192, "OSCILLATION", "--") -> --
A194: 1.764616e+09 | B194: 31.063211 | C194: 30 | D194: 255 | E194: 0 | F194: 0 | G194: 20 | H194: 30 | I194: 20 | J194: 20 | K194: 7.7530694007873535 | L194: RUNNING | M194: =A194-A193 -> 0.048899889 | N194: =C194-B194 -> -1.063211 | O194: =ABS(N194)*M194 -> 0.051990898 | P194: =N194^2 * M194 -> 0.055277293 | Q194: =IF(C194<>C193, "OSCILLATION", "--") -> --
A195: 1.764616e+09 | B195: 30.838323 | C195: 30 | D195: 95 | E195: 0 | F195: 0 | G195: 20 | H195: 30 | I195: 20 | J195: 20 | K195: 7.702672481536865 | L195: RUNNING | M195: =A195-A194 -> 0.050410032 | N195: =C195-B195 -> -0.83832264 | O195: =ABS(N195)*M195 -> 0.042259871 | P195: =N195^2 * M195 -> 0.035427407 | Q195: =IF(C195<>C194, "OSCILLATION", "--") -> --
A196: 1.764616e+09 | B196: 30.298591 | C196: 30 | D196: 80 | E196: 0 | F196: 0 | G196: 20 | H196: 30 | I196: 20 | J196: 20 | K196: 7.6525905 | L196: RUNNING | M196: =A196-A195 -> 0.050139904 | N196: =C196-B196 -> -0.29859066 | O196: =ABS(N196)*M196 -> 0.014971307 | P196: =N196^2 * M196 -> 0.0044702925 | Q196: =IF(C196<>C195, "OSCILLATION", "--") -> --
A197: 1.764616e+09 | B197: 31.075478 | C197: 30 | D197: 193 | E197: 0 | F197: 0 | G197: 20 | H197: 30 | I197: 20 | J197: 20 | K197: 7.6021409 | L197: RUNNING | M197: =A197-A196 -> 0.050430059 | N197: =C197-B197 -> -1.0754776 | O197: =ABS(N197)*M197 -> 0.054236399 | P197: =N197^2 * M197 -> 0.058330033 | Q197: =IF(C197<>C196, "OSCILLATION", "--") -> --
A198: 1.764616e+09 | B198: 31.108189 | C198: 30 | D198: 180 | E198: 0 | F198: 0 | G198: 20 | H198: 30 | I198: 20 | J198: 20 | K198: 7.552052974700928 | L198: RUNNING | M198: =A198-A197 -> 0.050209999 | N198: =C198-B198 -> -1.1081886 | O198: =ABS(N198)*M198 -> 0.05564215 | P198: =N198^2 * M198 -> 0.061661998 | Q198: =IF(C198<>C197, "OSCILLATION", "--") -> --
...

Sheet sensor_log_iperf
A1: timestamp | B1: distance | C1: setpoint | D1: duty | E1: delay_ms | F1: loss_rate | G1: osc_a | H1: osc_b | I1: osc_period | J1: next_setpoint | K1: switch_in | L1: pid_status | M1: Time Step (dt) | N1: Error (E) | O1: |E| * dt | P1: E^2 * dt
A2: 1.7646157e+09 | B2: 46.658194 | C2: 20 | D2: 0 | E2: 0 | F2: 0 | G2: 20 | H2: 30 | I2: 20 | J2: 30 | K2: 0 | L2: STOPPED | M2: (Time Between Samples) | N2: (Instantaneous Tracking Error) | O2: (Instantaneous Area under the Absolute Error Curve) | P2: (Instantaneous Area under the Squared Error Curve)
A3: 1.7646157e+09 | B3: 46.678638 | C3: 20 | D3: 0 | E3: 0 | F3: 0 | G3: 20 | H3: 30 | I3: 20 | J3: 30 | K3: 0 | L3: STOPPED | M3: =A3-A2 -> 0.048449993 | N3: =C3-B3 -> -26.678638 | O3: =ABS(N3)*M3 -> 1.2925799 | P3: =N3^2 * M3 -> 34.48427 | Q3: =IF(C3<>C2, "OSCILLATION", "--") -> -- | R3: SUM dt | S3: =SUM(M680:M1476) -> 39.99262
A4: 1.7646157e+09 | B4: 47.206104 | C4: 20 | D4: 0 | E4: 0 | F4: 0 | G4: 20 | H4: 30 | I4: 20 | J4: 30 | K4: 0 | L4: STOPPED | M4: =A4-A3 -> 0.05016017 | N4: =C4-B4 -> -27.206104 | O4: =ABS(N4)*M4 -> 1.3646628 | P4: =N4^2 * M4 -> 37.127157 | Q4: =IF(C4<>C3, "OSCILLATION", "--") -> -- | R4: SUM E | S4: =SUM(N680:N1476) -> -2988.4305
A5: 1.7646157e+09 | B5: 48.878455 | C5: 20 | D5: 0 | E5: 0 | F5: 0 | G5: 20 | H5: 30 | I5: 20 | J5: 30 | K5: 0 | L5: STOPPED | M5: =A5-A4 -> 0.05080986 | N5: =C5-B5 -> -28.878455 | O5: =ABS(N5)*M5 -> 1.4673103 | P5: =N5^2 * M5 -> 42.373654 | Q5: =IF(C5<>C4, "OSCILLATION", "--") -> -- | R5: ="SUM "&O1 -> SUM |E| * dt | S5: =SUM(O680:O1476) -> 259.7695 | T5: Total Integral Absolute Error (IAE)
A6: 1.7646157e+09 | B6: 46.645927 | C6: 20 | D6: 0 | E6: 0 | F6: 0 | G6: 20 | H6: 30 | I6: 20 | J6: 30 | K6: 0 | L6: STOPPED | M6: =A6-A5 -> 0.050719976 | N6: =C6-B6 -> -26.645927 | O6: =ABS(N6)*M6 -> 1.3514808 | P6: =N6^2 * M6 -> 36.01146 | Q6: =IF(C6<>C5, "OSCILLATION", "--") -> -- | R6: ="SUM "&P1 -> SUM E^2 * dt | S6: =SUM(P680:P1476) -> 2880.521 | T6: Total Integral Squared Error (ISE)
A7: 1.7646157e+09 | B7: 47.034371 | C7: 20 | D7: 0 | E7: 0 | F7: 0 | G7: 20 | H7: 30 | I7: 20 | J7: 30 | K7: 0 | L7: STOPPED | M7: =A7-A6 -> 0.049770117 | N7: =C7-B7 -> -27.034371 | O7: =ABS(N7)*M7 -> 1.3455038 | P7: =N7^2 * M7 -> 36.374849 | Q7: =IF(C7<>C6, "OSCILLATION", "--") -> --
A8: 1.7646157e+09 | B8: 48.6781 | C8: 20 | D8: 0 | E8: 0 | F8: 0 | G8: 20 | H8: 30 | I8: 20 | J8: 30 | K8: 0 | L8: STOPPED | M8: =A8-A7 -> 0.05050993 | N8: =C8-B8 -> -28.6781 | O8: =ABS(N8)*M8 -> 1.4485288 | P8: =N8^2 * M8 -> 41.541054 | Q8: =IF(C8<>C7, "OSCILLATION", "--") -> --
A9: 1.7646157e+09 | B9: 47.65588 | C9: 20 | D9: 0 | E9: 0 | F9: 0 | G9: 20 | H9: 30 | I9: 20 | J9: 30 | K9: 0 | L9: STOPPED | M9: =A9-A8 -> 0.049220085 | N9: =C9-B9 -> -27.65588 | O9: =ABS(N9)*M9 -> 1.3612248 | P9: =N9^2 * M9 -> 37.64587 | Q9: =IF(C9<>C8, "OSCILLATION", "--") -> -- | R9: OSCILLATION | S9: A->B
A10: 1.7646157e+09 | B10: 48.052502 | C10: 20 | D10: 0 | E10: 0 | F10: 0 | G10: 20 | H10: 30 | I10: 20 | J10: 30 | K10: 0 | L10: STOPPED | M10: =A10-A9 -> 0.050780058 | N10: =C10-B10 -> -28.052502 | O10: =ABS(N10)*M10 -> 1.4245077 | P10: =N10^2 * M10 -> 39.961004 | Q10: =IF(C10<>C9, "OSCILLATION", "--") -> -- | R10: Rows: | S10: 1078:1476
A11: 1.7646157e+09 | B11: 47.668147 | C11: 20 | D11: 0 | E11: 0 | F11: 0 | G11: 20 | H11: 30 | I11: 20 | J11: 30 | K11: 0 | L11: STOPPED | M11: =A11-A10 -> 0.05080986 | N11: =C11-B11 -> -27.668147 | O11: =ABS(N11)*M11 -> 1.4058147 | P11: =N11^2 * M11 -> 38.896288 | Q11: =IF(C11<>C10, "OSCILLATION", "--") -> -- | R11: SP_new | S11: =30 -> 30
A12: 1.7646157e+09 | B12: 47.880769 | C12: 20 | D12: 0 | E12: 0 | F12: 0 | G12: 20 | H12: 30 | I12: 20 | J12: 30 | K12: 0 | L12: STOPPED | M12: =A12-A11 -> 0.049279928 | N12: =C12-B12 -> -27.880769 | O12: =ABS(N12)*M12 -> 1.3739623 | P12: =N12^2 * M12 -> 38.307125 | Q12: =IF(C12<>C11, "OSCILLATION", "--") -> -- | R12: PV_peak | S12: =_xlfn.MAXIFS(B1078:B1476, B1078:B1476, "<60") -> 45.480597
A13: 1.7646157e+09 | B13: 48.068857 | C13: 20 | D13: 0 | E13: 0 | F13: 0 | G13: 20 | H13: 30 | I13: 20 | J13: 30 | K13: 0 | L13: STOPPED | M13: =A13-A12 -> 0.050370216 | N13: =C13-B13 -> -28.068857 | O13: =ABS(N13)*M13 -> 1.4138344 | P13: =N13^2 * M13 -> 39.684716 | Q13: =IF(C13<>C12, "OSCILLATION", "--") -> -- | R13: Overshoot (%) | S13: =(ABS(S12-S11)/S11)*100 -> 51.60199
A14: 1.7646157e+09 | B14: 47.631347 | C14: 20 | D14: 0 | E14: 0 | F14: 0 | G14: 20 | H14: 30 | I14: 20 | J14: 30 | K14: 0 | L14: STOPPED | M14: =A14-A13 -> 0.050989866 | N14: =C14-B14 -> -27.631347 | O14: =ABS(N14)*M14 -> 1.4089187 | P14: =N14^2 * M14 -> 38.930322 | Q14: =IF(C14<>C13, "OSCILLATION", "--") -> --
A15: 1.7646157e+09 | B15: 47.259259 | C15: 20 | D15: 0 | E15: 0 | F15: 0 | G15: 20 | H15: 30 | I15: 20 | J15: 30 | K15: 0 | L15: STOPPED | M15: =A15-A14 -> 0.050029993 | N15: =C15-B15 -> -27.259259 | O15: =ABS(N15)*M15 -> 1.3637805 | P15: =N15^2 * M15 -> 37.175648 | Q15: =IF(C15<>C14, "OSCILLATION", "--") -> --
A16: 1.7646157e+09 | B16: 45.57873 | C16: 20 | D16: 0 | E16: 0 | F16: 0 | G16: 20 | H16: 30 | I16: 20 | J16: 30 | K16: 0 | L16: STOPPED | M16: =A16-A15 -> 0.054170132 | N16: =C16-B16 -> -25.57873 | O16: =ABS(N16)*M16 -> 1.3856032 | P16: =N16^2 * M16 -> 35.44197 | Q16: =IF(C16<>C15, "OSCILLATION", "--") -> -- | R16: Fall Time: | S16: =S21-S20 -> 2.8110001
A17: 1.7646157e+09 | B17: 46.641839 | C17: 20 | D17: 0 | E17: 0 | F17: 0 | G17: 20 | H17: 30 | I17: 20 | J17: 30 | K17: 0 | L17: STOPPED | M17: =A17-A16 -> 0.046000004 | N17: =C17-B17 -> -26.641839 | O17: =ABS(N17)*M17 -> 1.2255247 | P17: =N17^2 * M17 -> 32.650231 | Q17: =IF(C17<>C16, "OSCILLATION", "--") -> -- | R17: Total Change (cm) | S17: =30-20 -> 10
A18: 1.7646157e+09 | B18: 47.079349 | C18: 20 | D18: 0 | E18: 0 | F18: 0 | G18: 20 | H18: 30 | I18: 20 | J18: 30 | K18: 0 | L18: STOPPED | M18: =A18-A17 -> 0.049849987 | N18: =C18-B18 -> -27.079349 | O18: =ABS(N18)*M18 -> 1.3499052 | P18: =N18^2 * M18 -> 36.554553 | Q18: =IF(C18<>C17, "OSCILLATION", "--") -> -- | R18: 10% Point (PV_10) (cm) | S18: =20+(10*0.1) -> 21
A19: 1.7646157e+09 | B19: 47.843969 | C19: 20 | D19: 0 | E19: 0 | F19: 0 | G19: 20 | H19: 30 | I19: 20 | J19: 30 | K19: 0 | L19: STOPPED | M19: =A19-A18 -> 0.051139832 | N19: =C19-B19 -> -27.843969 | O19: =ABS(N19)*M19 -> 1.4239359 | P19: =N19^2 * M19 -> 39.648026 | Q19: =IF(C19<>C18, "OSCILLATION", "--") -> -- | R19: 90% Point (PV_90) (cm) | S19: =20+(10*0.9) -> 29
A20: 1.7646157e+09 | B20: 47.672236 | C20: 20 | D20: 0 | E20: 0 | F20: 0 | G20: 20 | H20: 30 | I20: 20 | J20: 30 | K20: 0 | L20: STOPPED | M20: =A20-A19 -> 0.049710035 | N20: =C20-B20 -> -27.672236 | O20: =ABS(N20)*M20 -> 1.3755878 | P20: =N20^2 * M20 -> 38.065591 | Q20: =IF(C20<>C19, "OSCILLATION", "--") -> -- | R20: Time at 10% | S20: =A1105 -> 1.7646157e+09 | T20: Row 1105 | U20: (First row after setpoint change where distance ≥ 21)
A21: 1.7646157e+09 | B21: 47.688591 | C21: 20 | D21: 0 | E21: 0 | F21: 0 | G21: 20 | H21: 30 | I21: 20 | J21: 30 | K21: 0 | L21: STOPPED | M21: =A21-A20 -> 0.051280022 | N21: =C21-B21 -> -27.688591 | O21: =ABS(N21)*M21 -> 1.4198716 | P21: =N21^2 * M21 -> 39.314244 | Q21: =IF(C21<>C20, "OSCILLATION", "--") -> -- | R21: Time at 90% | S21: =A1161 -> 1.7646157e+09 | T21: Row 1161 | U21: (First row after setpoint change where distance ≥ 29)
A22: 1.7646157e+09 | B22: 46.883082 | C22: 20 | D22: 0 | E22: 0 | F22: 0 | G22: 20 | H22: 30 | I22: 20 | J22: 30 | K22: 0 | L22: STOPPED | M22: =A22-A21 -> 0.0488801 | N22: =C22-B22 -> -26.883082 | O22: =ABS(N22)*M22 -> 1.3140478 | P22: =N22^2 * M22 -> 35.325654 | Q22: =IF(C22<>C21, "OSCILLATION", "--") -> --
A23: 1.7646157e+09 | B23: 47.888947 | C23: 20 | D23: 0 | E23: 0 | F23: 0 | G23: 20 | H23: 30 | I23: 20 | J23: 30 | K23: 0 | L23: STOPPED | M23: =A23-A22 -> 0.050029993 | N23: =C23-B23 -> -27.888947 | O23: =ABS(N23)*M23 -> 1.3952838 | P23: =N23^2 * M23 -> 38.912995 | Q23: =IF(C23<>C22, "OSCILLATION", "--") -> --
A24: 1.7646157e+09 | B24: 47.664058 | C24: 20 | D24: 0 | E24: 0 | F24: 0 | G24: 20 | H24: 30 | I24: 20 | J24: 30 | K24: 0 | L24: STOPPED | M24: =A24-A23 -> 0.050019979 | N24: =C24-B24 -> -27.664058 | O24: =ABS(N24)*M24 -> 1.3837556 | P24: =N24^2 * M24 -> 38.280296 | Q24: =IF(C24<>C23, "OSCILLATION", "--") -> -- | R24: OSCILLATION | S24: B->A
A25: 1.7646157e+09 | B25: 47.071171 | C25: 20 | D25: 0 | E25: 0 | F25: 0 | G25: 20 | H25: 30 | I25: 20 | J25: 30 | K25: 0 | L25: STOPPED | M25: =A25-A24 -> 0.050379992 | N25: =C25-B25 -> -27.071171 | O25: =ABS(N25)*M25 -> 1.3638454 | P25: =N25^2 * M25 -> 36.920891 | Q25: =IF(C25<>C24, "OSCILLATION", "--") -> -- | R25: Rows: | S25: 680:1077
A26: 1.7646157e+09 | B26: 47.25517 | C26: 20 | D26: 0 | E26: 0 | F26: 0 | G26: 20 | H26: 30 | I26: 20 | J26: 30 | K26: 0 | L26: STOPPED | M26: =A26-A25 -> 0.050449848 | N26: =C26-B26 -> -27.25517 | O26: =ABS(N26)*M26 -> 1.3750192 | P26: =N26^2 * M26 -> 37.476383 | Q26: =IF(C26<>C25, "OSCILLATION", "--") -> -- | R26: SP_new | S26: =20 -> 20
A27: 1.7646157e+09 | B27: 47.868502 | C27: 20 | D27: 0 | E27: 0 | F27: 0 | G27: 20 | H27: 30 | I27: 20 | J27: 30 | K27: 0 | L27: STOPPED | M27: =A27-A26 -> 0.050029993 | N27: =C27-B27 -> -27.868502 | O27: =ABS(N27)*M27 -> 1.394261 | P27: =N27^2 * M27 -> 38.855965 | Q27: =IF(C27<>C26, "OSCILLATION", "--") -> -- | R27: PV_valley | S27: =MIN(B680:B1077) -> 13.080323
A28: 1.7646157e+09 | B28: 46.662283 | C28: 20 | D28: 0 | E28: 0 | F28: 0 | G28: 20 | H28: 30 | I28: 20 | J28: 30 | K28: 0 | L28: STOPPED | M28: =A28-A27 -> 0.050840139 | N28: =C28-B28 -> -26.662283 | O28: =ABS(N28)*M28 -> 1.3555142 | P28: =N28^2 * M28 -> 36.141103 | Q28: =IF(C28<>C27, "OSCILLATION", "--") -> -- | R28: Overshoot (%) | S28: =(ABS(S27-S26)/S26)*100 -> 34.598386
A29: 1.7646157e+09 | B29: 47.030282 | C29: 20 | D29: 0 | E29: 0 | F29: 0 | G29: 20 | H29: 30 | I29: 20 | J29: 30 | K29: 0 | L29: STOPPED | M29: =A29-A28 -> 0.051440001 | N29: =C29-B29 -> -27.030282 | O29: =ABS(N29)*M29 -> 1.3904377 | P29: =N29^2 * M29 -> 37.583924 | Q29: =IF(C29<>C28, "OSCILLATION", "--") -> --
A30: 1.7646157e+09 | B30: 47.230637 | C30: 20 | D30: 0 | E30: 0 | F30: 0 | G30: 20 | H30: 30 | I30: 20 | J30: 30 | K30: 0 | L30: STOPPED | M30: =A30-A29 -> 0.048449993 | N30: =C30-B30 -> -27.230637 | O30: =ABS(N30)*M30 -> 1.3193242 | P30: =N30^2 * M30 -> 35.926038 | Q30: =IF(C30<>C29, "OSCILLATION", "--") -> --
A31: 1.7646157e+09 | B31: 48.894811 | C31: 20 | D31: 0 | E31: 0 | F31: 0 | G31: 20 | H31: 30 | I31: 20 | J31: 30 | K31: 0 | L31: STOPPED | M31: =A31-A30 -> 0.05140996 | N31: =C31-B31 -> -28.894811 | O31: =ABS(N31)*M31 -> 1.4854811 | P31: =N31^2 * M31 -> 42.922694 | Q31: =IF(C31<>C30, "OSCILLATION", "--") -> -- | R31: Rise Time: | S31: =S36-S35 -> 3.61255
A32: 1.7646157e+09 | B32: 47.071171 | C32: 20 | D32: 0 | E32: 0 | F32: 0 | G32: 20 | H32: 30 | I32: 20 | J32: 30 | K32: 0 | L32: STOPPED | M32: =A32-A31 -> 0.049060106 | N32: =C32-B32 -> -27.071171 | O32: =ABS(N32)*M32 -> 1.3281145 | P32: =N32^2 * M32 -> 35.953615 | Q32: =IF(C32<>C31, "OSCILLATION", "--") -> -- | R32: Total Change (cm) | S32: =30-20 -> 10
A33: 1.7646157e+09 | B33: 47.054815 | C33: 20 | D33: 0 | E33: 0 | F33: 0 | G33: 20 | H33: 30 | I33: 20 | J33: 30 | K33: 0 | L33: STOPPED | M33: =A33-A32 -> 0.049690008 | N33: =C33-B33 -> -27.054815 | O33: =ABS(N33)*M33 -> 1.344354 | P33: =N33^2 * M33 -> 36.371249 | Q33: =IF(C33<>C32, "OSCILLATION", "--") -> -- | R33: 10% Point (PV_10) (cm) | S33: =30-(10*0.1) -> 29
A34: 1.7646157e+09 | B34: 48.289657 | C34: 20 | D34: 0 | E34: 0 | F34: 0 | G34: 20 | H34: 30 | I34: 20 | J34: 30 | K34: 0 | L34: STOPPED | M34: =A34-A33 -> 0.050939798 | N34: =C34-B34 -> -28.289657 | O34: =ABS(N34)*M34 -> 1.4410694 | P34: =N34^2 * M34 -> 40.767359 | Q34: =IF(C34<>C33, "OSCILLATION", "--") -> -- | R34: 90% Point (PV_90) (cm) | S34: =30-(10*0.9) -> 21
A35: 1.7646157e+09 | B35: 44.940865 | C35: 20 | D35: 0 | E35: 0 | F35: 0 | G35: 20 | H35: 30 | I35: 20 | J35: 30 | K35: 0 | L35: STOPPED | M35: =A35-A34 -> 0.04975009 | N35: =C35-B35 -> -24.940865 | O35: =ABS(N35)*M35 -> 1.2408103 | P35: =N35^2 * M35 -> 30.946882 | Q35: =IF(C35<>C34, "OSCILLATION", "--") -> -- | R35: Time at 10% | S35: =A720 -> 1.7646157e+09 | T35: Row 720 | U35: (First row after setpoint change where distance ≤ 29)
A36: 1.7646157e+09 | B36: 48.072946 | C36: 20 | D36: 0 | E36: 0 | F36: 0 | G36: 20 | H36: 30 | I36: 20 | J36: 30 | K36: 0 | L36: STOPPED | M36: =A36-A35 -> 0.049950123 | N36: =C36-B36 -> -28.072946 | O36: =ABS(N36)*M36 -> 1.4022471 | P36: =N36^2 * M36 -> 39.365207 | Q36: =IF(C36<>C35, "OSCILLATION", "--") -> -- | R36: Time at 90% | S36: =A792 -> 1.7646157e+09 | T36: Row 792 | U36: (First row after setpoint change where distance ≤ 21)
A37: 1.7646157e+09 | B37: 47.259259 | C37: 20 | D37: 0 | E37: 0 | F37: 0 | G37: 20 | H37: 30 | I37: 20 | J37: 30 | K37: 0 | L37: STOPPED | M37: =A37-A36 -> 0.050529957 | N37: =C37-B37 -> -27.259259 | O37: =ABS(N37)*M37 -> 1.3774092 | P37: =N37^2 * M37 -> 37.547154 | Q37: =IF(C37<>C36, "OSCILLATION", "--") -> --
A38: 1.7646157e+09 | B38: 46.441483 | C38: 20 | D38: 0 | E38: 0 | F38: 0 | G38: 20 | H38: 30 | I38: 20 | J38: 30 | K38: 0 | L38: STOPPED | M38: =A38-A37 -> 0.049999952 | N38: =C38-B38 -> -26.441483 | O38: =ABS(N38)*M38 -> 1.3220729 | P38: =N38^2 * M38 -> 34.957569 | Q38: =IF(C38<>C37, "OSCILLATION", "--") -> --
A39: 1.7646157e+09 | B39: 47.058904 | C39: 20 | D39: 0 | E39: 0 | F39: 0 | G39: 20 | H39: 30 | I39: 20 | J39: 30 | K39: 0 | L39: STOPPED | M39: =A39-A38 -> 0.049570084 | N39: =C39-B39 -> -27.058904 | O39: =ABS(N39)*M39 -> 1.3413121 | P39: =N39^2 * M39 -> 36.294437 | Q39: =IF(C39<>C38, "OSCILLATION", "--") -> --
A40: 1.7646157e+09 | B40: 47.050726 | C40: 20 | D40: 0 | E40: 0 | F40: 0 | G40: 20 | H40: 30 | I40: 20 | J40: 30 | K40: 0 | L40: STOPPED | M40: =A40-A39 -> 0.051329851 | N40: =C40-B40 -> -27.050726 | O40: =ABS(N40)*M40 -> 1.3885098 | P40: =N40^2 * M40 -> 37.560198 | Q40: =IF(C40<>C39, "OSCILLATION", "--") -> --
A41: 1.7646157e+09 | B41: 47.259259 | C41: 20 | D41: 0 | E41: 0 | F41: 0 | G41: 20 | H41: 30 | I41: 20 | J41: 30 | K41: 0 | L41: STOPPED | M41: =A41-A40 -> 0.050179958 | N41: =C41-B41 -> -27.259259 | O41: =ABS(N41)*M41 -> 1.3678685 | P41: =N41^2 * M41 -> 37.287082 | Q41: =IF(C41<>C40, "OSCILLATION", "--") -> --
A42: 1.7646157e+09 | B42: 48.469567 | C42: 20 | D42: 0 | E42: 0 | F42: 0 | G42: 20 | H42: 30 | I42: 20 | J42: 30 | K42: 0 | L42: STOPPED | M42: =A42-A41 -> 0.049720049 | N42: =C42-B42 -> -28.469567 | O42: =ABS(N42)*M42 -> 1.4155083 | P42: =N42^2 * M42 -> 40.298908 | Q42: =IF(C42<>C41, "OSCILLATION", "--") -> --
A43: 1.7646157e+09 | B43: 47.062993 | C43: 20 | D43: 0 | E43: 0 | F43: 0 | G43: 20 | H43: 30 | I43: 20 | J43: 30 | K43: 0 | L43: STOPPED | M43: =A43-A42 -> 0.049999952 | N43: =C43-B43 -> -27.062993 | O43: =ABS(N43)*M43 -> 1.3531484 | P43: =N43^2 * M43 -> 36.620245 | Q43: =IF(C43<>C42, "OSCILLATION", "--") -> --
A44: 1.7646157e+09 | B44: 47.07526 | C44: 20 | D44: 0 | E44: 0 | F44: 0 | G44: 20 | H44: 30 | I44: 20 | J44: 30 | K44: 0 | L44: STOPPED | M44: =A44-A43 -> 0.050209999 | N44: =C44-B44 -> -27.07526 | O44: =ABS(N44)*M44 -> 1.3594488 | P44: =N44^2 * M44 -> 36.807428 | Q44: =IF(C44<>C43, "OSCILLATION", "--") -> --
A45: 1.7646157e+09 | B45: 46.49055 | C45: 20 | D45: 0 | E45: 0 | F45: 0 | G45: 20 | H45: 30 | I45: 20 | J45: 30 | K45: 0 | L45: STOPPED | M45: =A45-A44 -> 0.050320148 | N45: =C45-B45 -> -26.49055 | O45: =ABS(N45)*M45 -> 1.3330084 | P45: =N45^2 * M45 -> 35.312126 | Q45: =IF(C45<>C44, "OSCILLATION", "--") -> --
A46: 1.7646157e+09 | B46: 48.081124 | C46: 20 | D46: 0 | E46: 0 | F46: 0 | G46: 20 | H46: 30 | I46: 20 | J46: 30 | K46: 0 | L46: STOPPED | M46: =A46-A45 -> 0.049939871 | N46: =C46-B46 -> -28.081124 | O46: =ABS(N46)*M46 -> 1.4023677 | P46: =N46^2 * M46 -> 39.380061 | Q46: =IF(C46<>C45, "OSCILLATION", "--") -> --
A47: 1.7646157e+09 | B47: 47.598636 | C47: 20 | D47: 0 | E47: 0 | F47: 0 | G47: 20 | H47: 30 | I47: 20 | J47: 30 | K47: 0 | L47: STOPPED | M47: =A47-A46 -> 0.050930023 | N47: =C47-B47 -> -27.598636 | O47: =ABS(N47)*M47 -> 1.4055992 | P47: =N47^2 * M47 -> 38.79262 | Q47: =IF(C47<>C46, "OSCILLATION", "--") -> --
A48: 1.7646157e+09 | B48: 47.259259 | C48: 20 | D48: 0 | E48: 0 | F48: 0 | G48: 20 | H48: 30 | I48: 20 | J48: 30 | K48: 0 | L48: STOPPED | M48: =A48-A47 -> 0.04997015 | N48: =C48-B48 -> -27.259259 | O48: =ABS(N48)*M48 -> 1.3621493 | P48: =N48^2 * M48 -> 37.13118 | Q48: =IF(C48<>C47, "OSCILLATION", "--") -> --
... A98: 1.7646157e+09 | B98: 46.441483 | C98: 20 | D98: 0 | E98: 0 | F98: 0 | G98: 20 | H98: 30 | I98: 20 | J98: 30 | K98: 0 | L98: STOPPED | M98: =A98-A97 -> 0.049669981 | N98: =C98-B98 -> -26.441483 | O98: =ABS(N98)*M98 -> 1.313348 | P98: =N98^2 * M98 -> 34.726869 | Q98: =IF(C98<>C97, "OSCILLATION", "--") -> --
A99: 1.7646157e+09 | B99: 48.056591 | C99: 20 | D99: 255 | E99: 0 | F99: 0 | G99: 20 | H99: 30 | I99: 20 | J99: 30 | K99: 9.123870372772217 | L99: RUNNING | M99: =A99-A98 -> 0.05024004 | N99: =C99-B99 -> -28.056591 | O99: =ABS(N99)*M99 -> 1.4095642 | P99: =N99^2 * M99 -> 39.547566 | Q99: =IF(C99<>C98, "OSCILLATION", "--") -> --
A100: 1.7646157e+09 | B100: 47.651792 | C100: 20 | D100: 255 | E100: 0 | F100: 0 | G100: 20 | H100: 30 | I100: 20 | J100: 30 | K100: 9.0736351 | L100: RUNNING | M100: =A100-A99 -> 0.050220013 | N100: =C100-B100 -> -27.651792 | O100: =ABS(N100)*M100 -> 1.3886733 | P100: =N100^2 * M100 -> 38.399305 | Q100: =IF(C100<>C99, "OSCILLATION", "--") -> --
A101: 1.7646157e+09 | B101: 48.261034 | C101: 20 | D101: 255 | E101: 0 | F101: 0 | G101: 20 | H101: 30 | I101: 20 | J101: 30 | K101: 9.020271062850952 | L101: RUNNING | M101: =A101-A100 -> 0.053560019 | N101: =C101-B101 -> -28.261034 | O101: =ABS(N101)*M101 -> 1.5136615 | P101: =N101^2 * M101 -> 42.777641 | Q101: =IF(C101<>C100, "OSCILLATION", "--") -> --
A102: 1.7646157e+09 | B102: 47.647703 | C102: 20 | D102: 255 | E102: 0 | F102: 0 | G102: 20 | H102: 30 | I102: 20 | J102: 30 | K102: 8.9723539 | L102: RUNNING | M102: =A102-A101 -> 0.048349857 | N102: =C102-B102 -> -27.647703 | O102: =ABS(N102)*M102 -> 1.3367625 | P102: =N102^2 * M102 -> 36.958412 | Q102: =IF(C102<>C101, "OSCILLATION", "--") -> --
A103: 1.7646157e+09 | B103: 46.654105 | C103: 20 | D103: 255 | E103: 0 | F103: 0 | G103: 20 | H103: 30 | I103: 20 | J103: 30 | K103: 8.922691583633423 | L103: RUNNING | M103: =A103-A102 -> 0.049129963 | N103: =C103-B103 -> -26.654105 | O103: =ABS(N103)*M103 -> 1.3095152 | P103: =N103^2 * M103 -> 34.903956 | Q103: =IF(C103<>C102, "OSCILLATION", "--") -> --
A104: 1.7646157e+09 | B104: 48.878455 | C104: 20 | D104: 255 | E104: 0 | F104: 0 | G104: 20 | H104: 30 | I104: 20 | J104: 30 | K104: 8.871930837631226 | L104: RUNNING | M104: =A104-A103 -> 0.050909996 | N104: =C104-B104 -> -28.878455 | O104: =ABS(N104)*M104 -> 1.470202 | P104: =N104^2 * M104 -> 42.457164 | Q104: =IF(C104<>C103, "OSCILLATION", "--") -> --
A105: 1.7646157e+09 | B105: 46.678638 | C105: 20 | D105: 255 | E105: 0 | F105: 0 | G105: 20 | H105: 30 | I105: 20 | J105: 30 | K105: 8.821999073028564 | L105: RUNNING | M105: =A105-A104 -> 0.049630165 | N105: =C105-B105 -> -26.678638 | O105: =ABS(N105)*M105 -> 1.3240652 | P105: =N105^2 * M105 -> 35.324258 | Q105: =IF(C105<>C104, "OSCILLATION", "--") -> --
A106: 1.7646157e+09 | B106: 44.2294 | C106: 20 | D106: 255 | E106: 0 | F106: 0 | G106: 20 | H106: 30 | I106: 20 | J106: 30 | K106: 8.7715056 | L106: RUNNING | M106: =A106-A105 -> 0.050689936 | N106: =C106-B106 -> -24.2294 | O106: =ABS(N106)*M106 -> 1.2281867 | P106: =N106^2 * M106 -> 29.758228 | Q106: =IF(C106<>C105, "OSCILLATION", "--") -> --
A107: 1.7646157e+09 | B107: 46.224773 | C107: 20 | D107: 255 | E107: 0 | F107: 0 | G107: 20 | H107: 30 | I107: 20 | J107: 30 | K107: 8.720683813095093 | L107: RUNNING | M107: =A107-A106 -> 0.051059961 | N107: =C107-B107 -> -26.224773 | O107: =ABS(N107)*M107 -> 1.3390359 | P107: =N107^2 * M107 -> 35.115912 | Q107: =IF(C107<>C106, "OSCILLATION", "--") -> --
A108: 1.7646157e+09 | B108: 47.259259 | C108: 20 | D108: 255 | E108: 0 | F108: 0 | G108: 20 | H108: 30 | I108: 20 | J108: 30 | K108: 8.6711531 | L108: RUNNING | M108: =A108-A107 -> 0.049240112 | N108: =C108-B108 -> -27.259259 | O108: =ABS(N108)*M108 -> 1.342249 | P108: =N108^2 * M108 -> 36.588713 | Q108: =IF(C108<>C107, "OSCILLATION", "--") -> --
A109: 1.7646157e+09 | B109: 47.079349 | C109: 20 | D109: 255 | E109: 0 | F109: 0 | G109: 20 | H109: 30 | I109: 20 | J109: 30 | K109: 8.620853900909424 | L109: RUNNING | M109: =A109-A108 -> 0.050159931 | N109: =C109-B109 -> -27.079349 | O109: =ABS(N109)*M109 -> 1.3582983 | P109: =N109^2 * M109 -> 36.781832 | Q109: =IF(C109<>C108, "OSCILLATION", "--") -> --
A110: 1.7646157e+09 | B110: 47.259259 | C110: 20 | D110: 255 | E110: 0 | F110: 0 | G110: 20 | H110: 30 | I110: 20 | J110: 30 | K110: 8.571107864379883 | L110: RUNNING | M110: =A110-A109 -> 0.049710035 | N110: =C110-B110 -> -27.259259 | O110: =ABS(N110)*M110 -> 1.3550587 | P110: =N110^2 * M110 -> 36.937897 | Q110: =IF(C110<>C109, "OSCILLATION", "--") -> --
A111: 1.7646157e+09 | B111: 46.466017 | C111: 20 | D111: 255 | E111: 0 | F111: 0 | G111: 20 | H111: 30 | I111: 20 | J111: 30 | K111: 8.5208583 | L111: RUNNING | M111: =A111-A110 -> 0.050349951 | N111: =C111-B111 -> -26.466017 | O111: =ABS(N111)*M111 -> 1.3325626 | P111: =N111^2 * M111 -> 35.267625 | Q111: =IF(C111<>C110, "OSCILLATION", "--") -> --
A112: 1.7646157e+09 | B112: 45.623708 | C112: 20 | D112: 255 | E112: 0 | F112: 0 | G112: 20 | H112: 30 | I112: 20 | J112: 30 | K112: 8.470569133758545 | L112: RUNNING | M112: =A112-A111 -> 0.050329924 | N112: =C112-B112 -> -25.623708 | O112: =ABS(N112)*M112 -> 1.2896393 | P112: =N112^2 * M112 -> 33.045339 | Q112: =IF(C112<>C111, "OSCILLATION", "--") -> --
A113: 1.7646157e+09 | B113: 45.063531 | C113: 20 | D113: 255 | E113: 0 | F113: 0 | G113: 20 | H113: 30 | I113: 20 | J113: 30 | K113: 8.4202244 | L113: RUNNING | M113: =A113-A112 -> 0.050280094 | N113: =C113-B113 -> -25.063531 | O113: =ABS(N113)*M113 -> 1.2601967 | P113: =N113^2 * M113 -> 31.58498 | Q113: =IF(C113<>C112, "OSCILLATION", "--") -> --
A114: 1.7646157e+09 | B114: 46.486461 | C114: 20 | D114: 255 | E114: 0 | F114: 0 | G114: 20 | H114: 30 | I114: 20 | J114: 30 | K114: 8.3691778 | L114: RUNNING | M114: =A114-A113 -> 0.051169872 | N114: =C114-B114 -> -26.486461 | O114: =ABS(N114)*M114 -> 1.3553088 | P114: =N114^2 * M114 -> 35.897335 | Q114: =IF(C114<>C113, "OSCILLATION", "--") -> --
A115: 1.7646157e+09 | B115: 44.446111 | C115: 20 | D115: 255 | E115: 0 | F115: 0 | G115: 20 | H115: 30 | I115: 20 | J115: 30 | K115: 8.319132328033447 | L115: RUNNING | M115: =A115-A114 -> 0.050029993 | N115: =C115-B115 -> -24.446111 | O115: =ABS(N115)*M115 -> 1.2230387 | P115: =N115^2 * M115 -> 29.898541 | Q115: =IF(C115<>C114, "OSCILLATION", "--") -> --
A116: 1.7646157e+09 | B116: 40.917408 | C116: 20 | D116: 255 | E116: 0 | F116: 0 | G116: 20 | H116: 30 | I116: 20 | J116: 30 | K116: 8.269525289535522 | L116: RUNNING | M116: =A116-A115 -> 0.049730062 | N116: =C116-B116 -> -20.917408 | O116: =ABS(N116)*M116 -> 1.040224 | P116: =N116^2 * M116 -> 21.758791 | Q116: =IF(C116<>C115, "OSCILLATION", "--") -> --
A117: 1.7646157e+09 | B117: 42.22585 | C117: 20 | D117: 255 | E117: 0 | F117: 0 | G117: 20 | H117: 30 | I117: 20 | J117: 30 | K117: 8.219380140304565 | L117: RUNNING | M117: =A117-A116 -> 0.049860001 | N117: =C117-B117 -> -22.22585 | O117: =ABS(N117)*M117 -> 1.1081809 | P117: =N117^2 * M117 -> 24.630262 | Q117: =IF(C117<>C116, "OSCILLATION", "--") -> --
A118: 1.7646157e+09 | B118: 46.024418 | C118: 20 | D118: 255 | E118: 0 | F118: 0 | G118: 20 | H118: 30 | I118: 20 | J118: 30 | K118: 8.169225454330444 | L118: RUNNING | M118: =A118-A117 -> 0.050290108 | N118: =C118-B118 -> -26.024418 | O118: =ABS(N118)*M118 -> 1.3087708 | P118: =N118^2 * M118 -> 34.059998 | Q118: =IF(C118<>C117, "OSCILLATION", "--") -> --
A119: 1.7646157e+09 | B119: 43.203092 | C119: 20 | D119: 255 | E119: 0 | F119: 0 | G119: 20 | H119: 30 | I119: 20 | J119: 30 | K119: 8.1182384 | L119: RUNNING | M119: =A119-A118 -> 0.05099988 | N119: =C119-B119 -> -23.203092 | O119: =ABS(N119)*M119 -> 1.1833549 | P119: =N119^2 * M119 -> 27.457492 | Q119: =IF(C119<>C118, "OSCILLATION", "--") -> --
A120: 1.7646157e+09 | B120: 44.029045 | C120: 20 | D120: 255 | E120: 0 | F120: 0 | G120: 20 | H120: 30 | I120: 20 | J120: 30 | K120: 8.0682292 | L120: RUNNING | M120: =A120-A119 -> 0.04978013 | N120: =C120-B120 -> -24.029045 | O120: =ABS(N120)*M120 -> 1.196169 | P120: =N120^2 * M120 -> 28.742799 | Q120: =IF(C120<>C119, "OSCILLATION", "--") -> --
A121: 1.7646157e+09 | B121: 43.816423 | C121: 20 | D121: 255 | E121: 0 | F121: 0 | G121: 20 | H121: 30 | I121: 20 | J121: 30 | K121: 8.018656730651855 | L121: RUNNING | M121: =A121-A120 -> 0.049729824 | N121: =C121-B121 -> -23.816423 | O121: =ABS(N121)*M121 -> 1.1843865 | P121: =N121^2 * M121 -> 28.207851 | Q121: =IF(C121<>C120, "OSCILLATION", "--") -> --
A122: 1.7646157e+09 | B122: 44.139445 | C122: 20 | D122: 255 | E122: 0 | F122: 0 | G122: 20 | H122: 30 | I122: 20 | J122: 30 | K122: 7.967324733734131 | L122: RUNNING | M122: =A122-A121 -> 0.051520109 | N122: =C122-B122 -> -24.139445 | O122: =ABS(N122)*M122 -> 1.2436668 | P122: =N122^2 * M122 -> 30.021427 | Q122: =IF(C122<>C121, "OSCILLATION", "--") -> --
A123: 1.7646157e+09 | B123: 45.022643 | C123: 20 | D123: 255 | E123: 0 | F123: 0 | G123: 20 | H123: 30 | I123: 20 | J123: 30 | K123: 7.916671 | L123: RUNNING | M123: =A123-A122 -> 0.050620079 | N123: =C123-B123 -> -25.022643 | O123: =ABS(N123)*M123 -> 1.2666481 | P123: =N123^2 * M123 -> 31.694884 | Q123: =IF(C123<>C122, "OSCILLATION", "--") -> --
A124: 1.7646157e+09 | B124: 43.231714 | C124: 20 | D124: 255 | E124: 0 | F124: 0 | G124: 20 | H124: 30 | I124: 20 | J124: 30 | K124: 7.866864204406738 | L124: RUNNING | M124: =A124-A123 -> 0.049579859 | N124: =C124-B124 -> -23.231714 | O124: =ABS(N124)*M124 -> 1.1518251 | P124: =N124^2 * M124 -> 26.758871 | Q124: =IF(C124<>C123, "OSCILLATION", "--") -> --
A125: 1.7646157e+09 | B125: 43.832779 | C125: 20 | D125: 255 | E125: 0 | F125: 0 | G125: 20 | H125: 30 | I125: 20 | J125: 30 | K125: 7.816526174545288 | L125: RUNNING | M125: =A125-A124 -> 0.050760031 | N125: =C125-B125 -> -23.832779 | O125: =ABS(N125)*M125 -> 1.2097526 | P125: =N125^2 * M125 -> 28.831766 | Q125: =IF(C125<>C124, "OSCILLATION", "--") -> --
A126: 1.7646157e+09 | B126: 43.86549 | C126: 20 | D126: 255 | E126: 0 | F126: 0 | G126: 20 | H126: 30 | I126: 20 | J126: 30 | K126: 7.766901731491089 | L126: RUNNING | M126: =A126-A125 -> 0.049170017 | N126: =C126-B126 -> -23.86549 | O126: =ABS(N126)*M126 -> 1.1734666 | P126: =N126^2 * M126 -> 28.005354 | Q126: =IF(C126<>C125, "OSCILLATION", "--") -> --
A127: 1.7646157e+09 | B127: 43.002737 | C127: 20 | D127: 255 | E127: 0 | F127: 0 | G127: 20 | H127: 30 | I127: 20 | J127: 30 | K127: 7.7158896923065186 | L127: RUNNING | M127: =A127-A126 -> 0.050839901 | N127: =C127-B127 -> -23.002737 | O127: =ABS(N127)*M127 -> 1.1694568 | P127: =N127^2 * M127 -> 26.900708 | Q127: =IF(C127<>C126, "OSCILLATION", "--") -> --
A128: 1.7646157e+09 | B128: 43.023181 | C128: 20 | D128: 255 | E128: 0 | F128: 0 | G128: 20 | H128: 30 | I128: 20 | J128: 30 | K128: 7.666769981384277 | L128: RUNNING | M128: =A128-A127 -> 0.048970222 | N128: =C128-B128 -> -23.023181 | O128: =ABS(N128)*M128 -> 1.1274503 | P128: =N128^2 * M128 -> 25.957492 | Q128: =IF(C128<>C127, "OSCILLATION", "--") -> --
A129: 1.7646157e+09 | B129: 43.517935 | C129: 20 | D129: 255 | E129: 0 | F129: 0 | G129: 20 | H129: 30 | I129: 20 | J129: 30 | K129: 7.616099834442139 | L129: RUNNING | M129: =A129-A128 -> 0.050869942 | N129: =C129-B129 -> -23.517935 | O129: =ABS(N129)*M129 -> 1.196356 | P129: =N129^2 * M129 -> 28.135823 | Q129: =IF(C129<>C128, "OSCILLATION", "--") -> --
A130: 1.7646157e+09 | B130: 42.765582 | C130: 20 | D130: 255 | E130: 0 | F130: 0 | G130: 20 | H130: 30 | I130: 20 | J130: 30 | K130: 7.566129207611084 | L130: RUNNING | M130: =A130-A129 -> 0.049849987 | N130: =C130-B130 -> -22.765582 | O130: =ABS(N130)*M130 -> 1.1348639 | P130: =N130^2 * M130 -> 25.835838 | Q130: =IF(C130<>C129, "OSCILLATION", "--") -> --
A131: 1.7646157e+09 | B131: 43.023181 | C131: 20 | D131: 255 | E131: 0 | F131: 0 | G131: 20 | H131: 30 | I131: 20 | J131: 30 | K131: 7.516035079956055 | L131: RUNNING | M131: =A131-A130 -> 0.050400019 | N131: =C131-B131 -> -23.023181 | O131: =ABS(N131)*M131 -> 1.1603688 | P131: =N131^2 * M131 -> 26.71538 | Q131: =IF(C131<>C130, "OSCILLATION", "--") -> --
A132: 1.7646157e+09 | B132: 42.565227 | C132: 20 | D132: 255 | E132: 0 | F132: 0 | G132: 20 | H132: 30 | I132: 20 | J132: 30 | K132: 7.465785503387451 | L132: RUNNING | M132: =A132-A131 -> 0.049870014 | N132: =C132-B132 -> -22.565227 | O132: =ABS(N132)*M132 -> 1.1253282 | P132: =N132^2 * M132 -> 25.393285 | Q132: =IF(C132<>C131, "OSCILLATION", "--") -> --
A133: 1.7646157e+09 | B133: 42.532516 | C133: 20 | D133: 255 | E133: 0 | F133: 0 | G133: 20 | H133: 30 | I133: 20 | J133: 30 | K133: 7.415576219558716 | L133: RUNNING | M133: =A133-A132 -> 0.05031991 | N133: =C133-B133 -> -22.532516 | O133: =ABS(N133)*M133 -> 1.1338342 | P133: =N133^2 * M133 -> 25.548136 | Q133: =IF(C133<>C132, "OSCILLATION", "--") -> --
A134: 1.7646157e+09 | B134: 43.019092 | C134: 20 | D134: 255 | E134: 0 | F134: 0 | G134: 20 | H134: 30 | I134: 20 | J134: 30 | K134: 7.365577697753906 | L134: RUNNING | M134: =A134-A133 -> 0.049969912 | N134: =C134-B134 -> -23.019092 | O134: =ABS(N134)*M134 -> 1.150262 | P134: =N134^2 * M134 -> 26.477987 | Q134: =IF(C134<>C133, "OSCILLATION", "--") -> --
A135: 1.7646157e+09 | B135: 42.557049 | C135: 20 | D135: 255 | E135: 0 | F135: 0 | G135: 20 | H135: 30 | I135: 20 | J135: 30 | K135: 7.315526962280273 | L135: RUNNING | M135: =A135-A134 -> 0.049980164 | N135: =C135-B135 -> -22.557049 | O135: =ABS(N135)*M135 -> 1.127405 | P135: =N135^2 * M135 -> 25.430929 | Q135: =IF(C135<>C134, "OSCILLATION", "--") -> --
... A166: 1.7646157e+09 | B166: 38.149238 | C166: 20 | D166: 255 | E166: 0 | F166: 0 | G166: 20 | H166: 30 | I166: 20 | J166: 30 | K166: 5.758986234664917 | L166: RUNNING | M166: =A166-A165 -> 0.050390005 | N166: =C166-B166 -> -18.149238 | O166: =ABS(N166)*M166 -> 0.91454018 | P166: =N166^2 * M166 -> 16.598207 | Q166: =IF(C166<>C165, "OSCILLATION", "--") -> --
A167: 1.7646157e+09 | B167: 37.899816 | C167: 20 | D167: 255 | E167: 0 | F167: 0 | G167: 20 | H167: 30 | I167: 20 | J167: 30 | K167: 5.7078831 | L167: RUNNING | M167: =A167-A166 -> 0.051290035 | N167: =C167-B167 -> -17.899816 | O167: =ABS(N167)*M167 -> 0.9180822 | P167: =N167^2 * M167 -> 16.433502 | Q167: =IF(C167<>C166, "OSCILLATION", "--") -> --
A168: 1.7646157e+09 | B168: 37.711728 | C168: 20 | D168: 255 | E168: 0 | F168: 0 | G168: 20 | H168: 30 | I168: 20 | J168: 30 | K168: 5.655582427978516 | L168: RUNNING | M168: =A168-A167 -> 0.052920103 | N168: =C168-B168 -> -17.711728 | O168: =ABS(N168)*M168 -> 0.93730645 | P168: =N168^2 * M168 -> 16.601317 | Q168: =IF(C168<>C167, "OSCILLATION", "--") -> --
A169: 1.7646157e+09 | B169: 37.679017 | C169: 20 | D169: 255 | E169: 0 | F169: 0 | G169: 20 | H169: 30 | I169: 20 | J169: 30 | K169: 5.608367204666138 | L169: RUNNING | M169: =A169-A168 -> 0.046329975 | N169: =C169-B169 -> -17.679017 | O169: =ABS(N169)*M169 -> 0.8190684 | P169: =N169^2 * M169 -> 14.480324 | Q169: =IF(C169<>C168, "OSCILLATION", "--") -> --
A170: 1.7646157e+09 | B170: 36.546397 | C170: 20 | D170: 255 | E170: 0 | F170: 0 | G170: 20 | H170: 30 | I170: 20 | J170: 30 | K170: 5.557671785354614 | L170: RUNNING | M170: =A170-A169 -> 0.050770044 | N170: =C170-B170 -> -16.546397 | O170: =ABS(N170)*M170 -> 0.84006132 | P170: =N170^2 * M170 -> 13.899988 | Q170: =IF(C170<>C169, "OSCILLATION", "--") -> --
A171: 1.7646157e+09 | B171: 36.31742 | C171: 20 | D171: 255 | E171: 0 | F171: 0 | G171: 20 | H171: 30 | I171: 20 | J171: 30 | K171: 5.5080647468566895 | L171: RUNNING | M171: =A171-A170 -> 0.049479961 | N171: =C171-B171 -> -16.31742 | O171: =ABS(N171)*M171 -> 0.80738531 | P171: =N171^2 * M171 -> 13.174445 | Q171: =IF(C171<>C170, "OSCILLATION", "--") -> --
A172: 1.7646157e+09 | B172: 37.020707 | C172: 20 | D172: 255 | E172: 0 | F172: 0 | G172: 20 | H172: 30 | I172: 20 | J172: 30 | K172: 5.4572038650512695 | L172: RUNNING | M172: =A172-A171 -> 0.051049948 | N172: =C172-B172 -> -17.020707 | O172: =ABS(N172)*M172 -> 0.86890621 | P172: =N172^2 * M172 -> 14.789398 | Q172: =IF(C172<>C171, "OSCILLATION", "--") -> --
A173: 1.7646157e+09 | B173: 36.734486 | C173: 20 | D173: 255 | E173: 0 | F173: 0 | G173: 20 | H173: 30 | I173: 20 | J173: 30 | K173: 5.4069037437438965 | L173: RUNNING | M173: =A173-A172 -> 0.050270081 | N173: =C173-B173 -> -16.734486 | O173: =ABS(N173)*M173 -> 0.84124394 | P173: =N173^2 * M173 -> 14.077785 | Q173: =IF(C173<>C172, "OSCILLATION", "--") -> --
A174: 1.7646157e+09 | B174: 37.683105 | C174: 20 | D174: 255 | E174: 0 | F174: 0 | G174: 20 | H174: 30 | I174: 20 | J174: 30 | K174: 5.3562489 | L174: RUNNING | M174: =A174-A173 -> 0.050489902 | N174: =C174-B174 -> -17.683105 | O174: =ABS(N174)*M174 -> 0.89281827 | P174: =N174^2 * M174 -> 15.7878 | Q174: =IF(C174<>C173, "OSCILLATION", "--") -> --
A175: 1.7646157e+09 | B175: 36.542308 | C175: 20 | D175: 255 | E175: 0 | F175: 0 | G175: 20 | H175: 30 | I175: 20 | J175: 30 | K175: 5.307140111923218 | L175: RUNNING | M175: =A175-A174 -> 0.049109936 | N175: =C175-B175 -> -16.542308 | O175: =ABS(N175)*M175 -> 0.8123917 | P175: =N175^2 * M175 -> 13.438834 | Q175: =IF(C175<>C174, "OSCILLATION", "--") -> --
A176: 1.7646157e+09 | B176: 37.912083 | C176: 20 | D176: 255 | E176: 0 | F176: 0 | G176: 20 | H176: 30 | I176: 20 | J176: 30 | K176: 5.257052659988403 | L176: RUNNING | M176: =A176-A175 -> 0.050070047 | N176: =C176-B176 -> -17.912083 | O176: =ABS(N176)*M176 -> 0.89685883 | P176: =N176^2 * M176 -> 16.064609 | Q176: =IF(C176<>C175, "OSCILLATION", "--") -> --
A177: 1.7646157e+09 | B177: 36.076176 | C177: 20 | D177: 255 | E177: 0 | F177: 0 | G177: 20 | H177: 30 | I177: 20 | J177: 30 | K177: 5.206686496734619 | L177: RUNNING | M177: =A177-A176 -> 0.05050993 | N177: =C177-B177 -> -16.076176 | O177: =ABS(N177)*M177 -> 0.81200653 | P177: =N177^2 * M177 -> 13.05396 | Q177: =IF(C177<>C176, "OSCILLATION", "--") -> --
A178: 1.7646157e+09 | B178: 38.872969 | C178: 20 | D178: 255 | E178: 0 | F178: 0 | G178: 20 | H178: 30 | I178: 20 | J178: 30 | K178: 5.155412673950195 | L178: RUNNING | M178: =A178-A177 -> 0.05155015 | N178: =C178-B178 -> -18.872969 | O178: =ABS(N178)*M178 -> 0.97290439 | P178: =N178^2 * M178 -> 18.361595 | Q178: =IF(C178<>C177, "OSCILLATION", "--") -> --
A179: 1.7646157e+09 | B179: 34.784091 | C179: 20 | D179: 255 | E179: 0 | F179: 0 | G179: 20 | H179: 30 | I179: 20 | J179: 30 | K179: 5.106234312057495 | L179: RUNNING | M179: =A179-A178 -> 0.048869848 | N179: =C179-B179 -> -14.784091 | O179: =ABS(N179)*M179 -> 0.72249626 | P179: =N179^2 * M179 -> 10.68145 | Q179: =IF(C179<>C178, "OSCILLATION", "--") -> --
...

Sheet sensor_log_baseline_tc
A1: timestamp | B1: distance | C1: setpoint | D1: duty | E1: delay_ms | F1: loss_rate | G1: osc_a | H1: osc_b | I1: osc_period | J1: next_setpoint | K1: switch_in | L1: pid_status | M1: Time Step (dt) | N1: Error (E) | O1: |E| * dt | P1: E^2 * dt
A2: 1.7646166e+09 | B2: 48.068857 | C2: 20 | D2: 0 | E2: 0 | F2: 0 | G2: 20 | H2: 30 | I2: 20 | J2: 30 | K2: 0 | L2: STOPPED | M2: (Time Between Samples) | N2: (Instantaneous Tracking Error) | O2: (Instantaneous Area under the Absolute Error Curve) | P2: (Instantaneous Area under the Squared Error Curve) | R2: SUM dt | S2: =SUM(M307:M1104) -> 40.04478
A3: 1.7646166e+09 | B3: 47.696769 | C3: 20 | D3: 0 | E3: 0 | F3: 0 | G3: 20 | H3: 30 | I3: 20 | J3: 30 | K3: 0 | L3: STOPPED | M3: =A3-A2 -> 0.049770117 | N3: =C3-B3 -> -27.696769 | O3: =ABS(N3)*M3 -> 1.3784714 | P3: =N3^2 * M3 -> 38.179205 | Q3: =IF(C3<>C2, "OSCILLATION", "--") -> -- | R3: SUM E | S3: =SUM(N307:N1104) -> -1366.461
A4: 1.7646166e+09 | B4: 48.081124 | C4: 20 | D4: 0 | E4: 0 | F4: 0 | G4: 20 | H4: 30 | I4: 20 | J4: 30 | K4: 0 | L4: STOPPED | M4: =A4-A3 -> 0.049249887 | N4: =C4-B4 -> -28.081124 | O4: =ABS(N4)*M4 -> 1.3829922 | P4: =N4^2 * M4 -> 38.835975 | Q4: =IF(C4<>C3, "OSCILLATION", "--") -> -- | R4: ="SUM "&O1 -> SUM |E| * dt | S4: =SUM(O307:O1104) -> 93.833179 | T4: Total Integral Absolute Error (IAE)
A5: 1.7646166e+09 | B5: 47.733569 | C5: 20 | D5: 0 | E5: 0 | F5: 0 | G5: 20 | H5: 30 | I5: 20 | J5: 30 | K5: 0 | L5: STOPPED | M5: =A5-A4 -> 0.050529957 | N5: =C5-B5 -> -27.733569 | O5: =ABS(N5)*M5 -> 1.4013761 | P5: =N5^2 * M5 -> 38.86516 | Q5: =IF(C5<>C4, "OSCILLATION", "--") -> -- | R5: ="SUM "&P1 -> SUM E^2 * dt | S5: =SUM(P307:P1104) -> 561.79674 | T5: Total Integral Squared Error (ISE)
A6: 1.7646166e+09 | B6: 48.052502 | C6: 20 | D6: 0 | E6: 0 | F6: 0 | G6: 20 | H6: 30 | I6: 20 | J6: 30 | K6: 0 | L6: STOPPED | M6: =A6-A5 -> 0.049580097 | N6: =C6-B6 -> -28.052502 | O6: =ABS(N6)*M6 -> 1.3908458 | P6: =N6^2 * M6 -> 39.016703 | Q6: =IF(C6<>C5, "OSCILLATION", "--") -> --
A7: 1.7646166e+09 | B7: 48.101568 | C7: 20 | D7: 0 | E7: 0 | F7: 0 | G7: 20 | H7: 30 | I7: 20 | J7: 30 | K7: 0 | L7: STOPPED | M7: =A7-A6 -> 0.051520109 | N7: =C7-B7 -> -28.101568 | O7: =ABS(N7)*M7 -> 1.4477959 | P7: =N7^2 * M7 -> 40.685334 | Q7: =IF(C7<>C6, "OSCILLATION", "--") -> -- | R7: OSCILLATION | S7: A->B
A8: 1.7646166e+09 | B8: 48.236501 | C8: 20 | D8: 0 | E8: 0 | F8: 0 | G8: 20 | H8: 30 | I8: 20 | J8: 30 | K8: 0 | L8: STOPPED | M8: =A8-A7 -> 0.050619841 | N8: =C8-B8 -> -28.236501 | O8: =ABS(N8)*M8 -> 1.4293272 | P8: =N8^2 * M8 -> 40.359199 | Q8: =IF(C8<>C7, "OSCILLATION", "--") -> -- | R8: Rows: | S8: 307:705
A9: 1.7646166e+09 | B9: 47.43917 | C9: 20 | D9: 0 | E9: 0 | F9: 0 | G9: 20 | H9: 30 | I9: 20 | J9: 30 | K9: 0 | L9: STOPPED | M9: =A9-A8 -> 0.049910069 | N9: =C9-B9 -> -27.43917 | O9: =ABS(N9)*M9 -> 1.3694908 | P9: =N9^2 * M9 -> 37.577692 | Q9: =IF(C9<>C8, "OSCILLATION", "--") -> -- | R9: SP_new | S9: =30 -> 30
A10: 1.7646166e+09 | B10: 48.056591 | C10: 20 | D10: 0 | E10: 0 | F10: 0 | G10: 20 | H10: 30 | I10: 20 | J10: 30 | K10: 0 | L10: STOPPED | M10: =A10-A9 -> 0.05024004 | N10: =C10-B10 -> -28.056591 | O10: =ABS(N10)*M10 -> 1.4095642 | P10: =N10^2 * M10 -> 39.547566 | Q10: =IF(C10<>C9, "OSCILLATION", "--") -> -- | R10: PV_peak | S10: =_xlfn.MAXIFS(B307:B705, B307:B705, "<60") -> 40.005589
A11: 1.7646166e+09 | B11: 49.671698 | C11: 20 | D11: 0 | E11: 0 | F11: 0 | G11: 20 | H11: 30 | I11: 20 | J11: 30 | K11: 0 | L11: STOPPED | M11: =A11-A10 -> 0.051039934 | N11: =C11-B11 -> -29.671698 | O11: =ABS(N11)*M11 -> 1.5144415 | P11: =N11^2 * M11 -> 44.93605 | Q11: =IF(C11<>C10, "OSCILLATION", "--") -> -- | R11: Overshoot (%) | S11: =(ABS(S10-S9)/S9)*100 -> 33.351962
A12: 1.7646166e+09 | B12: 47.062993 | C12: 20 | D12: 0 | E12: 0 | F12: 0 | G12: 20 | H12: 30 | I12: 20 | J12: 30 | K12: 0 | L12: STOPPED | M12: =A12-A11 -> 0.049649954 | N12: =C12-B12 -> -27.062993 | O12: =ABS(N12)*M12 -> 1.3436764 | P12: =N12^2 * M12 -> 36.363904 | Q12: =IF(C12<>C11, "OSCILLATION", "--") -> --
A13: 1.7646166e+09 | B13: 48.097479 | C13: 20 | D13: 0 | E13: 0 | F13: 0 | G13: 20 | H13: 30 | I13: 20 | J13: 30 | K13: 0 | L13: STOPPED | M13: =A13-A12 -> 0.052160025 | N13: =C13-B13 -> -28.097479 | O13: =ABS(N13)*M13 -> 1.4655652 | P13: =N13^2 * M13 -> 41.178688 | Q13: =IF(C13<>C12, "OSCILLATION", "--") -> -- | R13: Fall Time: | S13: =S18-S17 -> 1.4051402
A14: 1.7646166e+09 | B14: 49.716675 | C14: 20 | D14: 0 | E14: 0 | F14: 0 | G14: 20 | H14: 30 | I14: 20 | J14: 30 | K14: 0 | L14: STOPPED | M14: =A14-A13 -> 0.048939943 | N14: =C14-B14 -> -29.716675 | O14: =ABS(N14)*M14 -> 1.4543324 | P14: =N14^2 * M14 -> 43.217924 | Q14: =IF(C14<>C13, "OSCILLATION", "--") -> -- | R14: Total Change (cm) | S14: =30-20 -> 10
A15: 1.7646166e+09 | B15: 48.089302 | C15: 20 | D15: 0 | E15: 0 | F15: 0 | G15: 20 | H15: 30 | I15: 20 | J15: 30 | K15: 0 | L15: STOPPED | M15: =A15-A14 -> 0.050080061 | N15: =C15-B15 -> -28.089302 | O15: =ABS(N15)*M15 -> 1.4067139 | P15: =N15^2 * M15 -> 39.513612 | Q15: =IF(C15<>C14, "OSCILLATION", "--") -> -- | R15: 10% Point (PV_10) (cm) | S15: =20+(10*0.1) -> 21
A16: 1.7646166e+09 | B16: 48.077035 | C16: 20 | D16: 0 | E16: 0 | F16: 0 | G16: 20 | H16: 30 | I16: 20 | J16: 30 | K16: 0 | L16: STOPPED | M16: =A16-A15 -> 0.049910069 | N16: =C16-B16 -> -28.077035 | O16: =ABS(N16)*M16 -> 1.4013267 | P16: =N16^2 * M16 -> 39.3451 | Q16: =IF(C16<>C15, "OSCILLATION", "--") -> -- | R16: 90% Point (PV_90) (cm) | S16: =20+(10*0.9) -> 29
A17: 1.7646166e+09 | B17: 47.668147 | C17: 20 | D17: 0 | E17: 0 | F17: 0 | G17: 20 | H17: 30 | I17: 20 | J17: 30 | K17: 0 | L17: STOPPED | M17: =A17-A16 -> 0.049520016 | N17: =C17-B17 -> -27.668147 | O17: =ABS(N17)*M17 -> 1.3701271 | P17: =N17^2 * M17 -> 37.908878 | Q17: =IF(C17<>C16, "OSCILLATION", "--") -> -- | R17: Time at 10% | S17: =A310 -> 1.7646166e+09 | T17: Row 310 | U17: (First row after setpoint change where distance ≥ 21)
A18: 1.7646166e+09 | B18: 48.064768 | C18: 20 | D18: 0 | E18: 0 | F18: 0 | G18: 20 | H18: 30 | I18: 20 | J18: 30 | K18: 0 | L18: STOPPED | M18: =A18-A17 -> 0.050209999 | N18: =C18-B18 -> -28.064768 | O18: =ABS(N18)*M18 -> 1.409132 | P18: =N18^2 * M18 -> 39.546963 | Q18: =IF(C18<>C17, "OSCILLATION", "--") -> -- | R18: Time at 90% | S18: =A338 -> 1.7646166e+09 | T18: Row 338 | U18: (First row after setpoint change where distance ≥ 29)
A19: 1.7646166e+09 | B19: 48.077035 | C19: 20 | D19: 0 | E19: 0 | F19: 0 | G19: 20 | H19: 30 | I19: 20 | J19: 30 | K19: 0 | L19: STOPPED | M19: =A19-A18 -> 0.051209927 | N19: =C19-B19 -> -28.077035 | O19: =ABS(N19)*M19 -> 1.4378229 | P19: =N19^2 * M19 -> 40.369804 | Q19: =IF(C19<>C18, "OSCILLATION", "--") -> --
A20: 1.7646166e+09 | B20: 48.064768 | C20: 20 | D20: 0 | E20: 0 | F20: 0 | G20: 20 | H20: 30 | I20: 20 | J20: 30 | K20: 0 | L20: STOPPED | M20: =A20-A19 -> 0.05437994 | N20: =C20-B20 -> -28.064768 | O20: =ABS(N20)*M20 -> 1.5261604 | P20: =N20^2 * M20 -> 42.831339 | Q20: =IF(C20<>C19, "OSCILLATION", "--") -> -- | R20: OSCILLATION | S20: B->A
A21: 1.7646166e+09 | B21: 48.068857 | C21: 20 | D21: 0 | E21: 0 | F21: 0 | G21: 20 | H21: 30 | I21: 20 | J21: 30 | K21: 0 | L21: STOPPED | M21: =A21-A20 -> 0.044990063 | N21: =C21-B21 -> -28.068857 | O21: =ABS(N21)*M21 -> 1.2628196 | P21: =N21^2 * M21 -> 35.445904 | Q21: =IF(C21<>C20, "OSCILLATION", "--") -> -- | R21: Rows: | S21: 706:1104
A22: 1.7646166e+09 | B22: 48.064768 | C22: 20 | D22: 0 | E22: 0 | F22: 0 | G22: 20 | H22: 30 | I22: 20 | J22: 30 | K22: 0 | L22: STOPPED | M22: =A22-A21 -> 0.05005002 | N22: =C22-B22 -> -28.064768 | O22: =ABS(N22)*M22 -> 1.4046422 | P22: =N22^2 * M22 -> 39.420959 | Q22: =IF(C22<>C21, "OSCILLATION", "--") -> -- | R22: SP_new | S22: =20 -> 20
A23: 1.7646166e+09 | B23: 48.085213 | C23: 20 | D23: 0 | E23: 0 | F23: 0 | G23: 20 | H23: 30 | I23: 20 | J23: 30 | K23: 0 | L23: STOPPED | M23: =A23-A22 -> 0.050080061 | N23: =C23-B23 -> -28.085213 | O23: =ABS(N23)*M23 -> 1.4065092 | P23: =N23^2 * M23 -> 39.502109 | Q23: =IF(C23<>C22, "OSCILLATION", "--") -> -- | R23: PV_valley | S23: =MIN(B706:B1104) -> 17.733467
A24: 1.7646166e+09 | B24: 48.048413 | C24: 20 | D24: 0 | E24: 0 | F24: 0 | G24: 20 | H24: 30 | I24: 20 | J24: 30 | K24: 0 | L24: STOPPED | M24: =A24-A23 -> 0.050199986 | N24: =C24-B24 -> -28.048413 | O24: =ABS(N24)*M24 -> 1.4080299 | P24: =N24^2 * M24 -> 39.493004 | Q24: =IF(C24<>C23, "OSCILLATION", "--") -> -- | R24: Overshoot (%) | S24: =(ABS(S23-S22)/S22)*100 -> 11.332667
A25: 1.7646166e+09 | B25: 47.647703 | C25: 20 | D25: 0 | E25: 0 | F25: 0 | G25: 20 | H25: 30 | I25: 20 | J25: 30 | K25: 0 | L25: STOPPED | M25: =A25-A24 -> 0.050220013 | N25: =C25-B25 -> -27.647703 | O25: =ABS(N25)*M25 -> 1.388468 | P25: =N25^2 * M25 -> 38.38795 | Q25: =IF(C25<>C24, "OSCILLATION", "--") -> --
A26: 1.7646166e+09 | B26: 48.068857 | C26: 20 | D26: 0 | E26: 0 | F26: 0 | G26: 20 | H26: 30 | I26: 20 | J26: 30 | K26: 0 | L26: STOPPED | M26: =A26-A25 -> 0.050259829 | N26: =C26-B26 -> -28.068857 | O26: =ABS(N26)*M26 -> 1.410736 | P26: =N26^2 * M26 -> 39.597746 | Q26: =IF(C26<>C25, "OSCILLATION", "--") -> -- | R26: Rise Time: | S26: =S31-S30 -> 3.4122598
A27: 1.7646166e+09 | B27: 48.064768 | C27: 20 | D27: 0 | E27: 0 | F27: 0 | G27: 20 | H27: 30 | I27: 20 | J27: 30 | K27: 0 | L27: STOPPED | M27: =A27-A26 -> 0.051150084 | N27: =C27-B27 -> -28.064768 | O27: =ABS(N27)*M27 -> 1.4355152 | P27: =N27^2 * M27 -> 40.287403 | Q27: =IF(C27<>C26, "OSCILLATION", "--") -> -- | R27: Total Change (cm) | S27: =30-20 -> 10
A28: 1.7646166e+09 | B28: 48.077035 | C28: 20 | D28: 0 | E28: 0 | F28: 0 | G28: 20 | H28: 30 | I28: 20 | J28: 30 | K28: 0 | L28: STOPPED | M28: =A28-A27 -> 0.049459934 | N28: =C28-B28 -> -28.077035 | O28: =ABS(N28)*M28 -> 1.3886883 | P28: =N28^2 * M28 -> 38.99025 | Q28: =IF(C28<>C27, "OSCILLATION", "--") -> -- | R28: 10% Point (PV_10) (cm) | S28: =30-(10*0.1) -> 29
A29: 1.7646166e+09 | B29: 48.064768 | C29: 20 | D29: 0 | E29: 0 | F29: 0 | G29: 20 | H29: 30 | I29: 20 | J29: 30 | K29: 0 | L29: STOPPED | M29: =A29-A28 -> 0.049860001 | N29: =C29-B29 -> -28.064768 | O29: =ABS(N29)*M29 -> 1.3993094 | P29: =N29^2 * M29 -> 39.271293 | Q29: =IF(C29<>C28, "OSCILLATION", "--") -> -- | R29: 90% Point (PV_90) (cm) | S29: =30-(10*0.9) -> 21
A30: 1.7646166e+09 | B30: 48.085213 | C30: 20 | D30: 0 | E30: 0 | F30: 0 | G30: 20 | H30: 30 | I30: 20 | J30: 30 | K30: 0 | L30: STOPPED | M30: =A30-A29 -> 0.051110029 | N30: =C30-B30 -> -28.085213 | O30: =ABS(N30)*M30 -> 1.435436 | P30: =N30^2 * M30 -> 40.314527 | Q30: =IF(C30<>C29, "OSCILLATION", "--") -> -- | R30: Time at 10% | S30: =A736 -> 1.7646166e+09 | T30: Row 736 | U30: (First row after setpoint change where distance ≤ 29)
A31: 1.7646166e+09 | B31: 48.068857 | C31: 20 | D31: 0 | E31: 0 | F31: 0 | G31: 20 | H31: 30 | I31: 20 | J31: 30 | K31: 0 | L31: STOPPED | M31: =A31-A30 -> 0.049580097 | N31: =C31-B31 -> -28.068857 | O31: =ABS(N31)*M31 -> 1.3916567 | P31: =N31^2 * M31 -> 39.062212 | Q31: =IF(C31<>C30, "OSCILLATION", "--") -> -- | R31: Time at 90% | S31: =A804 -> 1.7646166e+09 | T31: Row 804 | U31: (First row after setpoint change where distance ≤ 21)
A32: 1.7646166e+09 | B32: 48.056591 | C32: 20 | D32: 0 | E32: 0 | F32: 0 | G32: 20 | H32: 30 | I32: 20 | J32: 30 | K32: 0 | L32: STOPPED | M32: =A32-A31 -> 0.049900055 | N32: =C32-B32 -> -28.056591 | O32: =ABS(N32)*M32 -> 1.4000254 | P32: =N32^2 * M32 -> 39.27994 | Q32: =IF(C32<>C31, "OSCILLATION", "--") -> --
A33: 1.7646166e+09 | B33: 48.20379 | C33: 20 | D33: 0 | E33: 0 | F33: 0 | G33: 20 | H33: 30 | I33: 20 | J33: 30 | K33: 0 | L33: STOPPED | M33: =A33-A32 -> 0.050459862 | N33: =C33-B33 -> -28.20379 | O33: =ABS(N33)*M33 -> 1.4231594 | P33: =N33^2 * M33 -> 40.138488 | Q33: =IF(C33<>C32, "OSCILLATION", "--") -> --
A34: 1.7646166e+09 | B34: 48.085213 | C34: 20 | D34: 0 | E34: 0 | F34: 0 | G34: 20 | H34: 30 | I34: 20 | J34: 30 | K34: 0 | L34: STOPPED | M34: =A34-A33 -> 0.049940109 | N34: =C34-B34 -> -28.085213 | O34: =ABS(N34)*M34 -> 1.4025786 | P34: =N34^2 * M34 -> 39.391718 | Q34: =IF(C34<>C33, "OSCILLATION", "--") -> --
A35: 1.7646166e+09 | B35: 48.077035 | C35: 20 | D35: 0 | E35: 0 | F35: 0 | G35: 20 | H35: 30 | I35: 20 | J35: 30 | K35: 0 | L35: STOPPED | M35: =A35-A34 -> 0.049949884 | N35: =C35-B35 -> -28.077035 | O35: =ABS(N35)*M35 -> 1.4024447 | P35: =N35^2 * M35 -> 39.376487 | Q35: =IF(C35<>C34, "OSCILLATION", "--") -> --
A36: 1.7646166e+09 | B36: 48.085213 | C36: 20 | D36: 0 | E36: 0 | F36: 0 | G36: 20 | H36: 30 | I36: 20 | J36: 30 | K36: 0 | L36: STOPPED | M36: =A36-A35 -> 0.051460028 | N36: =C36-B36 -> -28.085213 | O36: =ABS(N36)*M36 -> 1.4452658 | P36: =N36^2 * M36 -> 40.590598 | Q36: =IF(C36<>C35, "OSCILLATION", "--") -> --
A37: 1.7646166e+09 | B37: 48.02388 | C37: 20 | D37: 0 | E37: 0 | F37: 0 | G37: 20 | H37: 30 | I37: 20 | J37: 30 | K37: 0 | L37: STOPPED | M37: =A37-A36 -> 0.049350023 | N37: =C37-B37 -> -28.02388 | O37: =ABS(N37)*M37 -> 1.3829791 | P37: =N37^2 * M37 -> 38.75644 | Q37: =IF(C37<>C36, "OSCILLATION", "--") -> --
A38: 1.7646166e+09 | B38: 47.488236 | C38: 20 | D38: 0 | E38: 0 | F38: 0 | G38: 20 | H38: 30 | I38: 20 | J38: 30 | K38: 0 | L38: STOPPED | M38: =A38-A37 -> 0.050209999 | N38: =C38-B38 -> -27.488236 | O38: =ABS(N38)*M38 -> 1.3801843 | P38: =N38^2 * M38 -> 37.938833 | Q38: =IF(C38<>C37, "OSCILLATION", "--") -> --
A39: 1.7646166e+09 | B39: 48.109746 | C39: 20 | D39: 0 | E39: 0 | F39: 0 | G39: 20 | H39: 30 | I39: 20 | J39: 30 | K39: 0 | L39: STOPPED | M39: =A39-A38 -> 0.049979925 | N39: =C39-B39 -> -28.109746 | O39: =ABS(N39)*M39 -> 1.404923 | P39: =N39^2 * M39 -> 39.492029 | Q39: =IF(C39<>C38, "OSCILLATION", "--") -> --
A40: 1.7646166e+09 | B40: 48.072946 | C40: 20 | D40: 0 | E40: 0 | F40: 0 | G40: 20 | H40: 30 | I40: 20 | J40: 30 | K40: 0 | L40: STOPPED | M40: =A40-A39 -> 0.049880028 | N40: =C40-B40 -> -28.072946 | O40: =ABS(N40)*M40 -> 1.4002793 | P40: =N40^2 * M40 -> 39.309966 | Q40: =IF(C40<>C39, "OSCILLATION", "--") -> --
A41: 1.7646166e+09 | B41: 48.081124 | C41: 20 | D41: 0 | E41: 0 | F41: 0 | G41: 20 | H41: 30 | I41: 20 | J41: 30 | K41: 0 | L41: STOPPED | M41: =A41-A40 -> 0.050850153 | N41: =C41-B41 -> -28.081124 | O41: =ABS(N41)*M41 -> 1.4279294 | P41: =N41^2 * M41 -> 40.097863 | Q41: =IF(C41<>C40, "OSCILLATION", "--") -> --
A42: 1.7646166e+09 | B42: 48.113835 | C42: 20 | D42: 0 | E42: 0 | F42: 0 | G42: 20 | H42: 30 | I42: 20 | J42: 30 | K42: 0 | L42: STOPPED | M42: =A42-A41 -> 0.049959898 | N42: =C42-B42 -> -28.113835 | O42: =ABS(N42)*M42 -> 1.4045643 | P42: =N42^2 * M42 -> 39.487689 | Q42: =IF(C42<>C41, "OSCILLATION", "--") -> --
A43: 1.7646166e+09 | B43: 48.056591 | C43: 20 | D43: 0 | E43: 0 | F43: 0 | G43: 20 | H43: 30 | I43: 20 | J43: 30 | K43: 0 | L43: STOPPED | M43: =A43-A42 -> 0.050549984 | N43: =C43-B43 -> -28.056591 | O43: =ABS(N43)*M43 -> 1.4182602 | P43: =N43^2 * M43 -> 39.791546 | Q43: =IF(C43<>C42, "OSCILLATION", "--") -> --
... A62: 1.7646166e+09 | B62: 48.064768 | C62: 20 | D62: 0 | E62: 0 | F62: 0 | G62: 20 | H62: 30 | I62: 20 | J62: 30 | K62: 0 | L62: STOPPED | M62: =A62-A61 -> 0.050269842 | N62: =C62-B62 -> -28.064768 | O62: =ABS(N62)*M62 -> 1.4108115 | P62: =N62^2 * M62 -> 39.594097 | Q62: =IF(C62<>C61, "OSCILLATION", "--") -> --
A63: 1.7646166e+09 | B63: 48.077035 | C63: 20 | D63: 255 | E63: 0 | F63: 0 | G63: 20 | H63: 30 | I63: 20 | J63: 30 | K63: 12.245551347732544 | L63: RUNNING | M63: =A63-A62 -> 0.049839973 | N63: =C63-B63 -> -28.077035 | O63: =ABS(N63)*M63 -> 1.3993587 | P63: =N63^2 * M63 -> 39.289842 | Q63: =IF(C63<>C62, "OSCILLATION", "--") -> --
A64: 1.7646166e+09 | B64: 48.077035 | C64: 20 | D64: 255 | E64: 0 | F64: 0 | G64: 20 | H64: 30 | I64: 20 | J64: 30 | K64: 12.194557189941406 | L64: RUNNING | M64: =A64-A63 -> 0.051220179 | N64: =C64-B64 -> -28.077035 | O64: =ABS(N64)*M64 -> 1.4381107 | P64: =N64^2 * M64 -> 40.377886 | Q64: =IF(C64<>C63, "OSCILLATION", "--") -> --
A65: 1.7646166e+09 | B65: 48.052502 | C65: 20 | D65: 255 | E65: 0 | F65: 0 | G65: 20 | H65: 30 | I65: 20 | J65: 30 | K65: 12.144500017166138 | L65: RUNNING | M65: =A65-A64 -> 0.050009966 | N65: =C65-B65 -> -28.052502 | O65: =ABS(N65)*M65 -> 1.4029047 | P65: =N65^2 * M65 -> 39.354985 | Q65: =IF(C65<>C64, "OSCILLATION", "--") -> --
A66: 1.7646166e+09 | B66: 47.046638 | C66: 20 | D66: 255 | E66: 0 | F66: 0 | G66: 20 | H66: 30 | I66: 20 | J66: 30 | K66: 12.094759702682495 | L66: RUNNING | M66: =A66-A65 -> 0.049599886 | N66: =C66-B66 -> -27.046638 | O66: =ABS(N66)*M66 -> 1.3415101 | P66: =N66^2 * M66 -> 36.283338 | Q66: =IF(C66<>C65, "OSCILLATION", "--") -> --
A67: 1.7646166e+09 | B67: 47.43917 | C67: 20 | D67: 255 | E67: 0 | F67: 0 | G67: 20 | H67: 30 | I67: 20 | J67: 30 | K67: 12.044068574905396 | L67: RUNNING | M67: =A67-A66 -> 0.050710201 | N67: =C67-B67 -> -27.43917 | O67: =ABS(N67)*M67 -> 1.3914458 | P67: =N67^2 * M67 -> 38.180118 | Q67: =IF(C67<>C66, "OSCILLATION", "--") -> --
A68: 1.7646166e+09 | B68: 48.064768 | C68: 20 | D68: 255 | E68: 0 | F68: 0 | G68: 20 | H68: 30 | I68: 20 | J68: 30 | K68: 11.994162321090698 | L68: RUNNING | M68: =A68-A67 -> 0.050109863 | N68: =C68-B68 -> -28.064768 | O68: =ABS(N68)*M68 -> 1.4063217 | P68: =N68^2 * M68 -> 39.468093 | Q68: =IF(C68<>C67, "OSCILLATION", "--") -> --
A69: 1.7646166e+09 | B69: 48.056591 | C69: 20 | D69: 255 | E69: 0 | F69: 0 | G69: 20 | H69: 30 | I69: 20 | J69: 30 | K69: 11.943792581558228 | L69: RUNNING | M69: =A69-A68 -> 0.050209999 | N69: =C69-B69 -> -28.056591 | O69: =ABS(N69)*M69 -> 1.4087214 | P69: =N69^2 * M69 -> 39.523919 | Q69: =IF(C69<>C68, "OSCILLATION", "--") -> --
A70: 1.7646166e+09 | B70: 48.068857 | C70: 20 | D70: 255 | E70: 0 | F70: 0 | G70: 20 | H70: 30 | I70: 20 | J70: 30 | K70: 11.893795251846313 | L70: RUNNING | M70: =A70-A69 -> 0.049960136 | N70: =C70-B70 -> -28.068857 | O70: =ABS(N70)*M70 -> 1.4023239 | P70: =N70^2 * M70 -> 39.36163 | Q70: =IF(C70<>C69, "OSCILLATION", "--") -> --
A71: 1.7646166e+09 | B71: 48.882544 | C71: 20 | D71: 255 | E71: 0 | F71: 0 | G71: 20 | H71: 30 | I71: 20 | J71: 30 | K71: 11.843602418899536 | L71: RUNNING | M71: =A71-A70 -> 0.050379992 | N71: =C71-B71 -> -28.882544 | O71: =ABS(N71)*M71 -> 1.4551023 | P71: =N71^2 * M71 -> 42.027057 | Q71: =IF(C71<>C70, "OSCILLATION", "--") -> --
A72: 1.7646166e+09 | B72: 46.878994 | C72: 20 | D72: 255 | E72: 0 | F72: 0 | G72: 20 | H72: 30 | I72: 20 | J72: 30 | K72: 11.793071508407593 | L72: RUNNING | M72: =A72-A71 -> 0.050769806 | N72: =C72-B72 -> -26.878994 | O72: =ABS(N72)*M72 -> 1.3646413 | P72: =N72^2 * M72 -> 36.680184 | Q72: =IF(C72<>C71, "OSCILLATION", "--") -> --
A73: 1.7646166e+09 | B73: 45.231175 | C73: 20 | D73: 255 | E73: 0 | F73: 0 | G73: 20 | H73: 30 | I73: 20 | J73: 30 | K73: 11.742962837219238 | L73: RUNNING | M73: =A73-A72 -> 0.049650192 | N73: =C73-B73 -> -25.231175 | O73: =ABS(N73)*M73 -> 1.2527327 | P73: =N73^2 * M73 -> 31.607919 | Q73: =IF(C73<>C72, "OSCILLATION", "--") -> --
A74: 1.7646166e+09 | B74: 46.048951 | C74: 20 | D74: 255 | E74: 0 | F74: 0 | G74: 20 | H74: 30 | I74: 20 | J74: 30 | K74: 11.693110227584839 | L74: RUNNING | M74: =A74-A73 -> 0.049879789 | N74: =C74-B74 -> -26.048951 | O74: =ABS(N74)*M74 -> 1.2993162 | P74: =N74^2 * M74 -> 33.845824 | Q74: =IF(C74<>C73, "OSCILLATION", "--") -> --
... A107: 1.7646166e+09 | B107: 29.517615 | C107: 20 | D107: 255 | E107: 0 | F107: 0 | G107: 20 | H107: 30 | I107: 20 | J107: 30 | K107: 10.034389972686768 | L107: RUNNING | M107: =A107-A106 -> 0.051069975 | N107: =C107-B107 -> -9.5176148 | O107: =ABS(N107)*M107 -> 0.48606435 | P107: =N107^2 * M107 -> 4.6261733 | Q107: =IF(C107<>C106, "OSCILLATION", "--") -> --
A108: 1.7646166e+09 | B108: 29.783392 | C108: 20 | D108: 255 | E108: 0 | F108: 0 | G108: 20 | H108: 30 | I108: 20 | J108: 30 | K108: 9.9846218 | L108: RUNNING | M108: =A108-A107 -> 0.049710035 | N108: =C108-B108 -> -9.783392 | O108: =ABS(N108)*M108 -> 0.48633276 | P108: =N108^2 * M108 -> 4.757984 | Q108: =IF(C108<>C107, "OSCILLATION", "--") -> --
A109: 1.7646166e+09 | B109: 29.762948 | C109: 20 | D109: 255 | E109: 0 | F109: 0 | G109: 20 | H109: 30 | I109: 20 | J109: 30 | K109: 9.934598207473755 | L109: RUNNING | M109: =A109-A108 -> 0.050209999 | N109: =C109-B109 -> -9.7629476 | O109: =ABS(N109)*M109 -> 0.49019759 | P109: =N109^2 * M109 -> 4.7857733 | Q109: =IF(C109<>C108, "OSCILLATION", "--") -> --
A110: 1.7646166e+09 | B110: 29.251838 | C110: 20 | D110: 255 | E110: 0 | F110: 0 | G110: 20 | H110: 30 | I110: 20 | J110: 30 | K110: 9.8843358 | L110: RUNNING | M110: =A110-A109 -> 0.050209999 | N110: =C110-B110 -> -9.2518377 | O110: =ABS(N110)*M110 -> 0.46453476 | P110: =N110^2 * M110 -> 4.2978003 | Q110: =IF(C110<>C109, "OSCILLATION", "--") -> --
A111: 1.7646166e+09 | B111: 29.53397 | C111: 20 | D111: 255 | E111: 0 | F111: 0 | G111: 20 | H111: 30 | I111: 20 | J111: 30 | K111: 9.8343239 | L111: RUNNING | M111: =A111-A110 -> 0.05005002 | N111: =C111-B111 -> -9.5339704 | O111: =ABS(N111)*M111 -> 0.47717541 | P111: =N111^2 * M111 -> 4.5493762 | Q111: =IF(C111<>C110, "OSCILLATION", "--") -> --
A112: 1.7646166e+09 | B112: 28.667128 | C112: 20 | D112: 255 | E112: 0 | F112: 0 | G112: 20 | H112: 30 | I112: 20 | J112: 30 | K112: 9.784212827682495 | L112: RUNNING | M112: =A112-A111 -> 0.050009966 | N112: =C112-B112 -> -8.6671281 | O112: =ABS(N112)*M112 -> 0.43344278 | P112: =N112^2 * M112 -> 3.7567041 | Q112: =IF(C112<>C111, "OSCILLATION", "--") -> --
A113: 1.7646166e+09 | B113: 28.098774 | C113: 20 | D113: 255 | E113: 0 | F113: 0 | G113: 20 | H113: 30 | I113: 20 | J113: 30 | K113: 9.734091 | L113: RUNNING | M113: =A113-A112 -> 0.050100088 | N113: =C113-B113 -> -8.098774 | O113: =ABS(N113)*M113 -> 0.40574929 | P113: =N113^2 * M113 -> 3.2860718 | Q113: =IF(C113<>C112, "OSCILLATION", "--") -> --
A114: 1.7646166e+09 | B114: 30.290413 | C114: 20 | D114: 255 | E114: 0 | F114: 0 | G114: 20 | H114: 30 | I114: 20 | J114: 30 | K114: 9.683739185333252 | L114: RUNNING | M114: =A114-A113 -> 0.050439835 | N114: =C114-B114 -> -10.290413 | O114: =ABS(N114)*M114 -> 0.51904672 | P114: =N114^2 * M114 -> 5.3412051 | Q114: =IF(C114<>C113, "OSCILLATION", "--") -> --
A115: 1.7646166e+09 | B115: 27.505887 | C115: 20 | D115: 255 | E115: 0 | F115: 0 | G115: 20 | H115: 30 | I115: 20 | J115: 30 | K115: 9.632429122924805 | L115: RUNNING | M115: =A115-A114 -> 0.051270008 | N115: =C115-B115 -> -7.5058866 | O115: =ABS(N115)*M115 -> 0.38482686 | P115: =N115^2 * M115 -> 2.8884668 | Q115: =IF(C115<>C114, "OSCILLATION", "--") -> --
A116: 1.7646166e+09 | B116: 29.255927 | C116: 20 | D116: 255 | E116: 0 | F116: 0 | G116: 20 | H116: 30 | I116: 20 | J116: 30 | K116: 9.5827081 | L116: RUNNING | M116: =A116-A115 -> 0.049880028 | N116: =C116-B116 -> -9.2559266 | O116: =ABS(N116)*M116 -> 0.46168588 | P116: =N116^2 * M116 -> 4.2733306 | Q116: =IF(C116<>C115, "OSCILLATION", "--") -> --
A117: 1.7646166e+09 | B117: 28.380907 | C117: 20 | D117: 255 | E117: 0 | F117: 0 | G117: 20 | H117: 30 | I117: 20 | J117: 30 | K117: 9.532430410385132 | L117: RUNNING | M117: =A117-A116 -> 0.05024004 | N117: =C117-B117 -> -8.3809066 | O117: =ABS(N117)*M117 -> 0.42105708 | P117: =N117^2 * M117 -> 3.5288401 | Q117: =IF(C117<>C116, "OSCILLATION", "--") -> --
A118: 1.7646166e+09 | B118: 28.883839 | C118: 20 | D118: 255 | E118: 0 | F118: 0 | G118: 20 | H118: 30 | I118: 20 | J118: 30 | K118: 9.482619047164917 | L118: RUNNING | M118: =A118-A117 -> 0.049720049 | N118: =C118-B118 -> -8.8838387 | O118: =ABS(N118)*M118 -> 0.44170489 | P118: =N118^2 * M118 -> 3.924035 | Q118: =IF(C118<>C117, "OSCILLATION", "--") -> --
A119: 1.7646166e+09 | B119: 30.110502 | C119: 20 | D119: 255 | E119: 0 | F119: 0 | G119: 20 | H119: 30 | I119: 20 | J119: 30 | K119: 9.431936025619507 | L119: RUNNING | M119: =A119-A118 -> 0.050689936 | N119: =C119-B119 -> -10.110502 | O119: =ABS(N119)*M119 -> 0.51250071 | P119: =N119^2 * M119 -> 5.1816396 | Q119: =IF(C119<>C118, "OSCILLATION", "--") -> --
A120: 1.7646166e+09 | B120: 28.965616 | C120: 20 | D120: 255 | E120: 0 | F120: 0 | G120: 20 | H120: 30 | I120: 20 | J120: 30 | K120: 9.381967544555664 | L120: RUNNING | M120: =A120-A119 -> 0.050040007 | N120: =C120-B120 -> -8.9656162 | O120: =ABS(N120)*M120 -> 0.4486395 | P120: =N120^2 * M120 -> 4.0223295 | Q120: =IF(C120<>C119, "OSCILLATION", "--") -> --
A121: 1.7646166e+09 | B121: 29.018772 | C121: 20 | D121: 255 | E121: 0 | F121: 0 | G121: 20 | H121: 30 | I121: 20 | J121: 30 | K121: 9.331460952758789 | L121: RUNNING | M121: =A121-A120 -> 0.050660133 | N121: =C121-B121 -> -9.0187716 | O121: =ABS(N121)*M121 -> 0.45689217 | P121: =N121^2 * M121 -> 4.1206062 | Q121: =IF(C121<>C120, "OSCILLATION", "--") -> --
A122: 1.7646166e+09 | B122: 28.65895 | C122: 20 | D122: 255 | E122: 0 | F122: 0 | G122: 20 | H122: 30 | I122: 20 | J122: 30 | K122: 9.281980276107788 | L122: RUNNING | M122: =A122-A121 -> 0.049089909 | N122: =C122-B122 -> -8.6589503 | O122: =ABS(N122)*M122 -> 0.42506708 | P122: =N122^2 * M122 -> 3.6806347 | Q122: =IF(C122<>C121, "OSCILLATION", "--") -> --
A123: 1.7646166e+09 | B123: 28.981972 | C123: 20 | D123: 255 | E123: 0 | F123: 0 | G123: 20 | H123: 30 | I123: 20 | J123: 30 | K123: 9.231435775756836 | L123: RUNNING | M123: =A123-A122 -> 0.050800085 | N123: =C123-B123 -> -8.9819717 | O123: =ABS(N123)*M123 -> 0.45628493 | P123: =N123^2 * M123 -> 4.0983383 | Q123: =IF(C123<>C122, "OSCILLATION", "--") -> --
A124: 1.7646166e+09 | B124: 29.812014 | C124: 20 | D124: 255 | E124: 0 | F124: 0 | G124: 20 | H124: 30 | I124: 20 | J124: 30 | K124: 9.181605339050293 | L124: RUNNING | M124: =A124-A123 -> 0.049559832 | N124: =C124-B124 -> -9.8120141 | O124: =ABS(N124)*M124 -> 0.48628177 | P124: =N124^2 * M124 -> 4.7714036 | Q124: =IF(C124<>C123, "OSCILLATION", "--") -> --
A125: 1.7646166e+09 | B125: 28.40544 | C125: 20 | D125: 255 | E125: 0 | F125: 0 | G125: 20 | H125: 30 | I125: 20 | J125: 30 | K125: 9.131313562393188 | L125: RUNNING | M125: =A125-A124 -> 0.05053997 | N125: =C125-B125 -> -8.4054399 | O125: =ABS(N125)*M125 -> 0.42481068 | P125: =N125^2 * M125 -> 3.5707206 | Q125: =IF(C125<>C124, "OSCILLATION", "--") -> --
A126: 1.7646166e+09 | B126: 27.505887 | C126: 20 | D126: 255 | E126: 0 | F126: 0 | G126: 20 | H126: 30 | I126: 20 | J126: 30 | K126: 9.080506563186646 | L126: RUNNING | M126: =A126-A125 -> 0.050700188 | N126: =C126-B126 -> -7.5058866 | O126: =ABS(N126)*M126 -> 0.38054986 | P126: =N126^2 * M126 -> 2.8563641 | Q126: =IF(C126<>C125, "OSCILLATION", "--") -> --
A127: 1.7646166e+09 | B127: 26.066601 | C127: 20 | D127: 255 | E127: 0 | F127: 0 | G127: 20 | H127: 30 | I127: 20 | J127: 30 | K127: 9.0307086 | L127: RUNNING | M127: =A127-A126 -> 0.049789906 | N127: =C127-B127 -> -6.0666013 | O127: =ABS(N127)*M127 -> 0.3020555 | P127: =N127^2 * M127 -> 1.8324503 | Q127: =IF(C127<>C126, "OSCILLATION", "--") -> --
A128: 1.7646166e+09 | B128: 27.16651 | C128: 20 | D128: 255 | E128: 0 | F128: 0 | G128: 20 | H128: 30 | I128: 20 | J128: 30 | K128: 8.980286836624146 | L128: RUNNING | M128: =A128-A127 -> 0.050489902 | N128: =C128-B128 -> -7.1665096 | O128: =ABS(N128)*M128 -> 0.36183637 | P128: =N128^2 * M128 -> 2.5931038 | Q128: =IF(C128<>C127, "OSCILLATION", "--") -> --
A129: 1.7646166e+09 | B129: 26.324201 | C129: 20 | D129: 255 | E129: 0 | F129: 0 | G129: 20 | H129: 30 | I129: 20 | J129: 30 | K129: 8.929851055145264 | L129: RUNNING | M129: =A129-A128 -> 0.05038023 | N129: =C129-B129 -> -6.3242006 | O129: =ABS(N129)*M129 -> 0.31861468 | P129: =N129^2 * M129 -> 2.0149832 | Q129: =IF(C129<>C128, "OSCILLATION", "--") -> --
A130: 1.7646166e+09 | B130: 26.6186 | C130: 20 | D130: 255 | E130: 0 | F130: 0 | G130: 20 | H130: 30 | I130: 20 | J130: 30 | K130: 8.8798773 | L130: RUNNING | M130: =A130-A129 -> 0.049769878 | N130: =C130-B130 -> -6.6185999 | O130: =ABS(N130)*M130 -> 0.32940691 | P130: =N130^2 * M130 -> 2.1802126 | Q130: =IF(C130<>C129, "OSCILLATION", "--") -> --
A131: 1.7646166e+09 | B131: 29.49717 | C131: 20 | D131: 255 | E131: 0 | F131: 0 | G131: 20 | H131: 30 | I131: 20 | J131: 30 | K131: 8.829909324645996 | L131: RUNNING | M131: =A131-A130 -> 0.05012989 | N131: =C131-B131 -> -9.4971704 | O131: =ABS(N131)*M131 -> 0.47609211 | P131: =N131^2 * M131 -> 4.521528 | Q131: =IF(C131<>C130, "OSCILLATION", "--") -> --
A132: 1.7646166e+09 | B132: 26.622689 | C132: 20 | D132: 255 | E132: 0 | F132: 0 | G132: 20 | H132: 30 | I132: 20 | J132: 30 | K132: 8.779027223587036 | L132: RUNNING | M132: =A132-A131 -> 0.051190138 | N132: =C132-B132 -> -6.6226888 | O132: =ABS(N132)*M132 -> 0.33901635 | P132: =N132^2 * M132 -> 2.2451998 | Q132: =IF(C132<>C131, "OSCILLATION", "--") -> --
A133: 1.7646166e+09 | B133: 26.001179 | C133: 20 | D133: 255 | E133: 0 | F133: 0 | G133: 20 | H133: 30 | I133: 20 | J133: 30 | K133: 8.729476928710938 | L133: RUNNING | M133: =A133-A132 -> 0.04941988 | N133: =C133-B133 -> -6.0011792 | O133: =ABS(N133)*M133 -> 0.29657756 | P133: =N133^2 * M133 -> 1.7798151 | Q133: =IF(C133<>C132, "OSCILLATION", "--") -> --
A134: 1.7646166e+09 | B134: 27.223754 | C134: 20 | D134: 255 | E134: 0 | F134: 0 | G134: 20 | H134: 30 | I134: 20 | J134: 30 | K134: 8.6781244 | L134: RUNNING | M134: =A134-A133 -> 0.051410198 | N134: =C134-B134 -> -7.2237539 | O134: =ABS(N134)*M134 -> 0.37137462 | P134: =N134^2 * M134 -> 2.6827189 | Q134: =IF(C134<>C133, "OSCILLATION", "--") -> --
A135: 1.7646166e+09 | B135: 26.626778 | C135: 20 | D135: 255 | E135: 0 | F135: 0 | G135: 20 | H135: 30 | I135: 20 | J135: 30 | K135: 8.628644466400146 | L135: RUNNING | M135: =A135-A134 -> 0.04922986 | N135: =C135-B135 -> -6.6267776 | O135: =ABS(N135)*M135 -> 0.32623534 | P135: =N135^2 * M135 -> 2.161889 | Q135: =IF(C135<>C134, "OSCILLATION", "--") -> --
A136: 1.7646166e+09 | B136: 28.102863 | C136: 20 | D136: 255 | E136: 0 | F136: 0 | G136: 20 | H136: 30 | I136: 20 | J136: 30 | K136: 8.578905820846558 | L136: RUNNING | M136: =A136-A135 -> 0.049649954 | N136: =C136-B136 -> -8.1028628 | O136: =ABS(N136)*M136 -> 0.40230677 | P136: =N136^2 * M136 -> 3.2598365 | Q136: =IF(C136<>C135, "OSCILLATION", "--") -> --
A137: 1.7646166e+09 | B137: 25.449181 | C137: 20 | D137: 255 | E137: 0 | F137: 0 | G137: 20 | H137: 30 | I137: 20 | J137: 30 | K137: 8.527778625488281 | L137: RUNNING | M137: =A137-A136 -> 0.051249981 | N137: =C137-B137 -> -5.4491806 | O137: =ABS(N137)*M137 -> 0.2792704 | P137: =N137^2 * M137 -> 1.5217949 | Q137: =IF(C137<>C136, "OSCILLATION", "--") -> --
A138: 1.7646166e+09 | B138: 24.848115 | C138: 20 | D138: 255 | E138: 0 | F138: 0 | G138: 20 | H138: 30 | I138: 20 | J138: 30 | K138: 8.478218078613281 | L138: RUNNING | M138: =A138-A137 -> 0.049360037 | N138: =C138-B138 -> -4.8481154 | O138: =ABS(N138)*M138 -> 0.23930316 | P138: =N138^2 * M138 -> 1.1601693 | Q138: =IF(C138<>C137, "OSCILLATION", "--") -> --
A139: 1.7646166e+09 | B139: 25.747669 | C139: 20 | D139: 255 | E139: 0 | F139: 0 | G139: 20 | H139: 30 | I139: 20 | J139: 30 | K139: 8.4278512 | L139: RUNNING | M139: =A139-A138 -> 0.050310135 | N139: =C139-B139 -> -5.7476687 | O139: =ABS(N139)*M139 -> 0.28916599 | P139: =N139^2 * M139 -> 1.6620303 | Q139: =IF(C139<>C138, "OSCILLATION", "--") -> --
A140: 1.7646166e+09 | B140: 25.187492 | C140: 20 | D140: 255 | E140: 0 | F140: 0 | G140: 20 | H140: 30 | I140: 20 | J140: 30 | K140: 8.378338098526001 | L140: RUNNING | M140: =A140-A139 -> 0.049499989 | N140: =C140-B140 -> -5.1874924 | O140: =ABS(N140)*M140 -> 0.25678081 | P140: =N140^2 * M140 -> 1.3320485 | Q140: =IF(C140<>C139, "OSCILLATION", "--") -> --
A141: 1.7646166e+09 | B141: 25.183403 | C141: 20 | D141: 255 | E141: 0 | F141: 0 | G141: 20 | H141: 30 | I141: 20 | J141: 30 | K141: 8.327992677688599 | L141: RUNNING | M141: =A141-A140 -> 0.050379992 | N141: =C141-B141 -> -5.1834035 | O141: =ABS(N141)*M141 -> 0.26113982 | P141: =N141^2 * M141 -> 1.3535931 | Q141: =IF(C141<>C140, "OSCILLATION", "--") -> --
A142: 1.7646166e+09 | B142: 25.494158 | C142: 20 | D142: 255 | E142: 0 | F142: 0 | G142: 20 | H142: 30 | I142: 20 | J142: 30 | K142: 8.2780206 | L142: RUNNING | M142: =A142-A141 -> 0.050060034 | N142: =C142-B142 -> -5.4941583 | O142: =ABS(N142)*M142 -> 0.27503775 | P142: =N142^2 * M142 -> 1.5111009 | Q142: =IF(C142<>C141, "OSCILLATION", "--") -> --
A143: 1.7646166e+09 | B143: 24.725449 | C143: 20 | D143: 255 | E143: 0 | F143: 0 | G143: 20 | H143: 30 | I143: 20 | J143: 30 | K143: 8.227505445480347 | L143: RUNNING | M143: =A143-A142 -> 0.050459862 | N143: =C143-B143 -> -4.7254491 | O143: =ABS(N143)*M143 -> 0.23844551 | P143: =N143^2 * M143 -> 1.1267621 | Q143: =IF(C143<>C142, "OSCILLATION", "--") -> --
A144: 1.7646166e+09 | B144: 25.70678 | C144: 20 | D144: 255 | E144: 0 | F144: 0 | G144: 20 | H144: 30 | I144: 20 | J144: 30 | K144: 8.177351236343384 | L144: RUNNING | M144: =A144-A143 -> 0.050209999 | N144: =C144-B144 -> -5.70678 | O144: =ABS(N144)*M144 -> 0.28653742 | P144: =N144^2 * M144 -> 1.635206 | Q144: =IF(C144<>C143, "OSCILLATION", "--") -> --
A145: 1.7646166e+09 | B145: 24.287939 | C145: 20 | D145: 255 | E145: 0 | F145: 0 | G145: 20 | H145: 30 | I145: 20 | J145: 30 | K145: 8.127488851547241 | L145: RUNNING | M145: =A145-A144 -> 0.04963994 | N145: =C145-B145 -> -4.2879391 | O145: =ABS(N145)*M145 -> 0.21285304 | P145: =N145^2 * M145 -> 0.91270086 | Q145: =IF(C145<>C144, "OSCILLATION", "--") -> --
A146: 1.7646166e+09 | B146: 25.175226 | C146: 20 | D146: 255 | E146: 0 | F146: 0 | G146: 20 | H146: 30 | I146: 20 | J146: 30 | K146: 8.077139854431152 | L146: RUNNING | M146: =A146-A145 -> 0.050490141 | N146: =C146-B146 -> -5.1752257 | O146: =ABS(N146)*M146 -> 0.26129788 | P146: =N146^2 * M146 -> 1.3522755 | Q146: =IF(C146<>C145, "OSCILLATION", "--") -> --
A147: 1.7646166e+09 | B147: 24.598694 | C147: 20 | D147: 255 | E147: 0 | F147: 0 | G147: 20 | H147: 30 | I147: 20 | J147: 30 | K147: 8.027124166488647 | L147: RUNNING | M147: =A147-A146 -> 0.049959898 | N147: =C147-B147 -> -4.5986938 | O147: =ABS(N147)*M147 -> 0.22975028 | P147: =N147^2 * M147 -> 1.0565512 | Q147: =IF(C147<>C146, "OSCILLATION", "--") -> --
A148: 1.7646166e+09 | B148: 25.759935 | C148: 20 | D148: 255 | E148: 0 | F148: 0 | G148: 20 | H148: 30 | I148: 20 | J148: 30 | K148: 7.976727724075317 | L148: RUNNING | M148: =A148-A147 -> 0.050500154 | N148: =C148-B148 -> -5.7599354 | O148: =ABS(N148)*M148 -> 0.29087763 | P148: =N148^2 * M148 -> 1.6754363 | Q148: =IF(C148<>C147, "OSCILLATION", "--") -> --
A149: 1.7646166e+09 | B149: 24.013984 | C149: 20 | D149: 255 | E149: 0 | F149: 0 | G149: 20 | H149: 30 | I149: 20 | J149: 30 | K149: 7.926573753356934 | L149: RUNNING | M149: =A149-A148 -> 0.05009985 | N149: =C149-B149 -> -4.0139842 | O149: =ABS(N149)*M149 -> 0.20110001 | P149: =N149^2 * M149 -> 0.80721224 | Q149: =IF(C149<>C148, "OSCILLATION", "--") -> --
A150: 1.7646166e+09 | B150: 24.296117 | C150: 20 | D150: 255 | E150: 0 | F150: 0 | G150: 20 | H150: 30 | I150: 20 | J150: 30 | K150: 7.876661062240601 | L150: RUNNING | M150: =A150-A149 -> 0.049730062 | N150: =C150-B150 -> -4.2961168 | O150: =ABS(N150)*M150 -> 0.21364616 | P150: =N150^2 * M150 -> 0.91784886 | Q150: =IF(C150<>C149, "OSCILLATION", "--") -> --
...

Sheet sensor_log_cpu_tc
A1: timestamp | B1: distance | C1: setpoint | D1: duty | E1: delay_ms | F1: loss_rate | G1: osc_a | H1: osc_b | I1: osc_period | J1: next_setpoint | K1: switch_in | L1: pid_status | M1: Time Step (dt) | N1: Error (E) | O1: |E| * dt | P1: E^2 * dt
A2: 1.7646171e+09 | B2: 47.880769 | C2: 20 | D2: 0 | E2: 0 | F2: 0 | G2: 20 | H2: 30 | I2: 20 | J2: 30 | K2: 0 | L2: STOPPED | M2: (Time Between Samples) | N2: (Instantaneous Tracking Error) | O2: (Instantaneous Area under the Absolute Error Curve) | P2: (Instantaneous Area under the Squared Error Curve)
A3: 1.7646171e+09 | B3: 48.653567 | C3: 20 | D3: 0 | E3: 0 | F3: 0 | G3: 20 | H3: 30 | I3: 20 | J3: 30 | K3: 0 | L3: STOPPED | M3: =A3-A2 -> 0.045650005 | N3: =C3-B3 -> -28.653567 | O3: =ABS(N3)*M3 -> 1.3080355 | P3: =N3^2 * M3 -> 37.479882 | Q3: =IF(C3<>C2, "OSCILLATION", "--") -> -- | R3: SUM dt | S3: =SUM(M812:M1609) -> 40.02517
A4: 1.7646171e+09 | B4: 47.651792 | C4: 20 | D4: 0 | E4: 0 | F4: 0 | G4: 20 | H4: 30 | I4: 20 | J4: 30 | K4: 0 | L4: STOPPED | M4: =A4-A3 -> 0.051939964 | N4: =C4-B4 -> -27.651792 | O4: =ABS(N4)*M4 -> 1.4362331 | P4: =N4^2 * M4 -> 39.714417 | Q4: =IF(C4<>C3, "OSCILLATION", "--") -> -- | R4: SUM E | S4: =SUM(N812:N1609) -> -1243.304
A5: 1.7646171e+09 | B5: 47.267437 | C5: 20 | D5: 0 | E5: 0 | F5: 0 | G5: 20 | H5: 30 | I5: 20 | J5: 30 | K5: 0 | L5: STOPPED | M5: =A5-A4 -> 0.048280001 | N5: =C5-B5 -> -27.267437 | O5: =ABS(N5)*M5 -> 1.3164719 | P5: =N5^2 * M5 -> 35.896814 | Q5: =IF(C5<>C4, "OSCILLATION", "--") -> -- | R5: ="SUM "&O1 -> SUM |E| * dt | S5: =SUM(O812:O1609) -> 93.003131 | T5: Total Integral Absolute Error (IAE)
A6: 1.7646171e+09 | B6: 48.301923 | C6: 20 | D6: 0 | E6: 0 | F6: 0 | G6: 20 | H6: 30 | I6: 20 | J6: 30 | K6: 0 | L6: STOPPED | M6: =A6-A5 -> 0.050230026 | N6: =C6-B6 -> -28.301923 | O6: =ABS(N6)*M6 -> 1.4216063 | P6: =N6^2 * M6 -> 40.234194 | Q6: =IF(C6<>C5, "OSCILLATION", "--") -> -- | R6: ="SUM "&P1 -> SUM E^2 * dt | S6: =SUM(P812:P1609) -> 587.16069 | T6: Total Integral Squared Error (ISE)
A7: 1.7646171e+09 | B7: 47.062993 | C7: 20 | D7: 0 | E7: 0 | F7: 0 | G7: 20 | H7: 30 | I7: 20 | J7: 30 | K7: 0 | L7: STOPPED | M7: =A7-A6 -> 0.050369978 | N7: =C7-B7 -> -27.062993 | O7: =ABS(N7)*M7 -> 1.3631624 | P7: =N7^2 * M7 -> 36.891254 | Q7: =IF(C7<>C6, "OSCILLATION", "--") -> --
A8: 1.7646171e+09 | B8: 47.242904 | C8: 20 | D8: 0 | E8: 0 | F8: 0 | G8: 20 | H8: 30 | I8: 20 | J8: 30 | K8: 0 | L8: STOPPED | M8: =A8-A7 -> 0.05072999 | N8: =C8-B8 -> -27.242904 | O8: =ABS(N8)*M8 -> 1.3820322 | P8: =N8^2 * M8 -> 37.650571 | Q8: =IF(C8<>C7, "OSCILLATION", "--") -> -- | R8: OSCILLATION | S8: A->B
A9: 1.7646171e+09 | B9: 47.435081 | C9: 20 | D9: 0 | E9: 0 | F9: 0 | G9: 20 | H9: 30 | I9: 20 | J9: 30 | K9: 0 | L9: STOPPED | M9: =A9-A8 -> 0.04963994 | N9: =C9-B9 -> -27.435081 | O9: =ABS(N9)*M9 -> 1.3618758 | P9: =N9^2 * M9 -> 37.363172 | Q9: =IF(C9<>C8, "OSCILLATION", "--") -> -- | R9: Rows: | S9: 812:1210
A10: 1.7646171e+09 | B10: 46.678638 | C10: 20 | D10: 0 | E10: 0 | F10: 0 | G10: 20 | H10: 30 | I10: 20 | J10: 30 | K10: 0 | L10: STOPPED | M10: =A10-A9 -> 0.051150084 | N10: =C10-B10 -> -26.678638 | O10: =ABS(N10)*M10 -> 1.3646146 | P10: =N10^2 * M10 -> 36.406059 | Q10: =IF(C10<>C9, "OSCILLATION", "--") -> -- | R10: SP_new | S10: =30 -> 30
A11: 1.7646171e+09 | B11: 47.058904 | C11: 20 | D11: 0 | E11: 0 | F11: 0 | G11: 20 | H11: 30 | I11: 20 | J11: 30 | K11: 0 | L11: STOPPED | M11: =A11-A10 -> 0.049309969 | N11: =C11-B11 -> -27.058904 | O11: =ABS(N11)*M11 -> 1.3342737 | P11: =N11^2 * M11 -> 36.103985 | Q11: =IF(C11<>C10, "OSCILLATION", "--") -> -- | R11: PV_peak | S11: =_xlfn.MAXIFS(B812:B1210, B812:B1210, "<60") -> 33.447027
A12: 1.7646171e+09 | B12: 47.455525 | C12: 20 | D12: 0 | E12: 0 | F12: 0 | G12: 20 | H12: 30 | I12: 20 | J12: 30 | K12: 0 | L12: STOPPED | M12: =A12-A11 -> 0.050179958 | N12: =C12-B12 -> -27.455525 | O12: =ABS(N12)*M12 -> 1.3777171 | P12: =N12^2 * M12 -> 37.825947 | Q12: =IF(C12<>C11, "OSCILLATION", "--") -> -- | R12: Overshoot (%) | S12: =(ABS(S11-S10)/S10)*100 -> 11.490091 | T12: A lower percentage here means less overshoot/better stability.
A13: 1.7646171e+09 | B13: 47.647703 | C13: 20 | D13: 0 | E13: 0 | F13: 0 | G13: 20 | H13: 30 | I13: 20 | J13: 30 | K13: 0 | L13: STOPPED | M13: =A13-A12 -> 0.050369978 | N13: =C13-B13 -> -27.647703 | O13: =ABS(N13)*M13 -> 1.3926142 | P13: =N13^2 * M13 -> 38.502583 | Q13: =IF(C13<>C12, "OSCILLATION", "--") -> --
A14: 1.7646171e+09 | B14: 47.058904 | C14: 20 | D14: 0 | E14: 0 | F14: 0 | G14: 20 | H14: 30 | I14: 20 | J14: 30 | K14: 0 | L14: STOPPED | M14: =A14-A13 -> 0.051059961 | N14: =C14-B14 -> -27.058904 | O14: =ABS(N14)*M14 -> 1.3816266 | P14: =N14^2 * M14 -> 37.385302 | Q14: =IF(C14<>C13, "OSCILLATION", "--") -> -- | R14: Fall Time: | S14: =S19-S18 -> 1.6550601 | T14: A lower time here means faster response to the "fan off" command.
A15: 1.7646171e+09 | B15: 47.65588 | C15: 20 | D15: 0 | E15: 0 | F15: 0 | G15: 20 | H15: 30 | I15: 20 | J15: 30 | K15: 0 | L15: STOPPED | M15: =A15-A14 -> 0.049679995 | N15: =C15-B15 -> -27.65588 | O15: =ABS(N15)*M15 -> 1.373944 | P15: =N15^2 * M15 -> 37.997631 | Q15: =IF(C15<>C14, "OSCILLATION", "--") -> -- | R15: Total Change (cm) | S15: =30-20 -> 10
A16: 1.7646171e+09 | B16: 47.659969 | C16: 20 | D16: 0 | E16: 0 | F16: 0 | G16: 20 | H16: 30 | I16: 20 | J16: 30 | K16: 0 | L16: STOPPED | M16: =A16-A15 -> 0.049630165 | N16: =C16-B16 -> -27.659969 | O16: =ABS(N16)*M16 -> 1.3727688 | P16: =N16^2 * M16 -> 37.970744 | Q16: =IF(C16<>C15, "OSCILLATION", "--") -> -- | R16: 10% Point (PV_10) (cm) | S16: =20+(10*0.1) -> 21
A17: 1.7646171e+09 | B17: 47.635436 | C17: 20 | D17: 0 | E17: 0 | F17: 0 | G17: 20 | H17: 30 | I17: 20 | J17: 30 | K17: 0 | L17: STOPPED | M17: =A17-A16 -> 0.050220013 | N17: =C17-B17 -> -27.635436 | O17: =ABS(N17)*M17 -> 1.3878519 | P17: =N17^2 * M17 -> 38.353894 | Q17: =IF(C17<>C16, "OSCILLATION", "--") -> -- | R17: 90% Point (PV_90) (cm) | S17: =20+(10*0.9) -> 29
A18: 1.7646171e+09 | B18: 47.267437 | C18: 20 | D18: 0 | E18: 0 | F18: 0 | G18: 20 | H18: 30 | I18: 20 | J18: 30 | K18: 0 | L18: STOPPED | M18: =A18-A17 -> 0.050629854 | N18: =C18-B18 -> -27.267437 | O18: =ABS(N18)*M18 -> 1.3805464 | P18: =N18^2 * M18 -> 37.643961 | Q18: =IF(C18<>C17, "OSCILLATION", "--") -> -- | R18: Time at 10% | S18: =A816 -> 1.7646172e+09 | T18: Row 816 | U18: (First row after setpoint change where distance ≥ 21)
A19: 1.7646171e+09 | B19: 49.266899 | C19: 20 | D19: 0 | E19: 0 | F19: 0 | G19: 20 | H19: 30 | I19: 20 | J19: 30 | K19: 0 | L19: STOPPED | M19: =A19-A18 -> 0.050040007 | N19: =C19-B19 -> -29.266899 | O19: =ABS(N19)*M19 -> 1.4645158 | P19: =N19^2 * M19 -> 42.861836 | Q19: =IF(C19<>C18, "OSCILLATION", "--") -> -- | R19: Time at 90% | S19: =A849 -> 1.7646172e+09 | T19: Row 849 | U19: (First row after setpoint change where distance ≥ 29)
A20: 1.7646171e+09 | B20: 47.062993 | C20: 20 | D20: 0 | E20: 0 | F20: 0 | G20: 20 | H20: 30 | I20: 20 | J20: 30 | K20: 0 | L20: STOPPED | M20: =A20-A19 -> 0.049870014 | N20: =C20-B20 -> -27.062993 | O20: =ABS(N20)*M20 -> 1.3496318 | P20: =N20^2 * M20 -> 36.525077 | Q20: =IF(C20<>C19, "OSCILLATION", "--") -> --
A21: 1.7646171e+09 | B21: 47.067082 | C21: 20 | D21: 0 | E21: 0 | F21: 0 | G21: 20 | H21: 30 | I21: 20 | J21: 30 | K21: 0 | L21: STOPPED | M21: =A21-A20 -> 0.050480127 | N21: =C21-B21 -> -27.067082 | O21: =ABS(N21)*M21 -> 1.3663497 | P21: =N21^2 * M21 -> 36.9831 | Q21: =IF(C21<>C20, "OSCILLATION", "--") -> -- | R21: OSCILLATION | S21: B->A
A22: 1.7646171e+09 | B22: 46.412861 | C22: 20 | D22: 0 | E22: 0 | F22: 0 | G22: 20 | H22: 30 | I22: 20 | J22: 30 | K22: 0 | L22: STOPPED | M22: =A22-A21 -> 0.050499916 | N22: =C22-B22 -> -26.412861 | O22: =ABS(N22)*M22 -> 1.3338473 | P22: =N22^2 * M22 -> 35.230723 | Q22: =IF(C22<>C21, "OSCILLATION", "--") -> -- | R22: Rows: | S22: 1211:1609
A23: 1.7646171e+09 | B23: 47.07526 | C23: 20 | D23: 0 | E23: 0 | F23: 0 | G23: 20 | H23: 30 | I23: 20 | J23: 30 | K23: 0 | L23: STOPPED | M23: =A23-A22 -> 0.050479889 | N23: =C23-B23 -> -27.07526 | O23: =ABS(N23)*M23 -> 1.3667561 | P23: =N23^2 * M23 -> 37.005276 | Q23: =IF(C23<>C22, "OSCILLATION", "--") -> -- | R23: SP_new | S23: =20 -> 20
A24: 1.7646171e+09 | B24: 47.062993 | C24: 20 | D24: 0 | E24: 0 | F24: 0 | G24: 20 | H24: 30 | I24: 20 | J24: 30 | K24: 0 | L24: STOPPED | M24: =A24-A23 -> 0.049530029 | N24: =C24-B24 -> -27.062993 | O24: =ABS(N24)*M24 -> 1.3404308 | P24: =N24^2 * M24 -> 36.27607 | Q24: =IF(C24<>C23, "OSCILLATION", "--") -> -- | R24: PV_valley | S24: =MIN(B1211:B1609) -> 14.392853
A25: 1.7646171e+09 | B25: 47.471881 | C25: 20 | D25: 0 | E25: 0 | F25: 0 | G25: 20 | H25: 30 | I25: 20 | J25: 30 | K25: 0 | L25: STOPPED | M25: =A25-A24 -> 0.050960064 | N25: =C25-B25 -> -27.471881 | O25: =ABS(N25)*M25 -> 1.3999688 | P25: =N25^2 * M25 -> 38.459776 | Q25: =IF(C25<>C24, "OSCILLATION", "--") -> -- | R25: Overshoot (%) | S25: =(ABS(S24-S23)/S23)*100 -> 28.035736 | T25: A lower percentage here means less undershoot/better stability.
A26: 1.7646171e+09 | B26: 48.072946 | C26: 20 | D26: 0 | E26: 0 | F26: 0 | G26: 20 | H26: 30 | I26: 20 | J26: 30 | K26: 0 | L26: STOPPED | M26: =A26-A25 -> 0.050410032 | N26: =C26-B26 -> -28.072946 | O26: =ABS(N26)*M26 -> 1.4151581 | P26: =N26^2 * M26 -> 39.727658 | Q26: =IF(C26<>C25, "OSCILLATION", "--") -> --
A27: 1.7646171e+09 | B27: 47.071171 | C27: 20 | D27: 0 | E27: 0 | F27: 0 | G27: 20 | H27: 30 | I27: 20 | J27: 30 | K27: 0 | L27: STOPPED | M27: =A27-A26 -> 0.049949884 | N27: =C27-B27 -> -27.071171 | O27: =ABS(N27)*M27 -> 1.3522019 | P27: =N27^2 * M27 -> 36.605687 | Q27: =IF(C27<>C26, "OSCILLATION", "--") -> -- | R27: Rise Time: | S27: =S32-S31 -> 4.9150701 | T27: A lower time here means faster response to the "fan on" command.
A28: 1.7646171e+09 | B28: 48.064768 | C28: 20 | D28: 0 | E28: 0 | F28: 0 | G28: 20 | H28: 30 | I28: 20 | J28: 30 | K28: 0 | L28: STOPPED | M28: =A28-A27 -> 0.049910069 | N28: =C28-B28 -> -28.064768 | O28: =ABS(N28)*M28 -> 1.4007145 | P28: =N28^2 * M28 -> 39.310728 | Q28: =IF(C28<>C27, "OSCILLATION", "--") -> -- | R28: Total Change (cm) | S28: =30-20 -> 10
A29: 1.7646171e+09 | B29: 48.077035 | C29: 20 | D29: 0 | E29: 0 | F29: 0 | G29: 20 | H29: 30 | I29: 20 | J29: 30 | K29: 0 | L29: STOPPED | M29: =A29-A28 -> 0.049590111 | N29: =C29-B29 -> -28.077035 | O29: =ABS(N29)*M29 -> 1.3923433 | P29: =N29^2 * M29 -> 39.092871 | Q29: =IF(C29<>C28, "OSCILLATION", "--") -> -- | R29: 10% Point (PV_10) (cm) | S29: =30-(10*0.1) -> 29
A30: 1.7646171e+09 | B30: 47.668147 | C30: 20 | D30: 0 | E30: 0 | F30: 0 | G30: 20 | H30: 30 | I30: 20 | J30: 30 | K30: 0 | L30: STOPPED | M30: =A30-A29 -> 0.05092001 | N30: =C30-B30 -> -27.668147 | O30: =ABS(N30)*M30 -> 1.4088623 | P30: =N30^2 * M30 -> 38.98061 | Q30: =IF(C30<>C29, "OSCILLATION", "--") -> -- | R30: 90% Point (PV_90) (cm) | S30: =30-(10*0.9) -> 21
A31: 1.7646171e+09 | B31: 47.263348 | C31: 20 | D31: 0 | E31: 0 | F31: 0 | G31: 20 | H31: 30 | I31: 20 | J31: 30 | K31: 0 | L31: STOPPED | M31: =A31-A30 -> 0.049089909 | N31: =C31-B31 -> -27.263348 | O31: =ABS(N31)*M31 -> 1.3383553 | P31: =N31^2 * M31 -> 36.488046 | Q31: =IF(C31<>C30, "OSCILLATION", "--") -> -- | R31: Time at 10% | S31: =A1248 -> 1.7646172e+09 | T31: Row 1248 | U31: (First row after setpoint change where distance ≤ 29)
A32: 1.7646171e+09 | B32: 47.455525 | C32: 20 | D32: 0 | E32: 0 | F32: 0 | G32: 20 | H32: 30 | I32: 20 | J32: 30 | K32: 0 | L32: STOPPED | M32: =A32-A31 -> 0.050640106 | N32: =C32-B32 -> -27.455525 | O32: =ABS(N32)*M32 -> 1.3903507 | P32: =N32^2 * M32 -> 38.17281 | Q32: =IF(C32<>C31, "OSCILLATION", "--") -> -- | R32: Time at 90% | S32: =A1346 -> 1.7646172e+09 | T32: Row 1346 | U32: (First row after setpoint change where distance ≤ 21)
A33: 1.7646171e+09 | B33: 47.071171 | C33: 20 | D33: 0 | E33: 0 | F33: 0 | G33: 20 | H33: 30 | I33: 20 | J33: 30 | K33: 0 | L33: STOPPED | M33: =A33-A32 -> 0.049679995 | N33: =C33-B33 -> -27.071171 | O33: =ABS(N33)*M33 -> 1.3448956 | P33: =N33^2 * M33 -> 36.407899 | Q33: =IF(C33<>C32, "OSCILLATION", "--") -> --
A34: 1.7646171e+09 | B34: 47.259259 | C34: 20 | D34: 0 | E34: 0 | F34: 0 | G34: 20 | H34: 30 | I34: 20 | J34: 30 | K34: 0 | L34: STOPPED | M34: =A34-A33 -> 0.050459862 | N34: =C34-B34 -> -27.259259 | O34: =ABS(N34)*M34 -> 1.3754985 | P34: =N34^2 * M34 -> 37.495069 | Q34: =IF(C34<>C33, "OSCILLATION", "--") -> --
A35: 1.7646171e+09 | B35: 46.040773 | C35: 20 | D35: 0 | E35: 0 | F35: 0 | G35: 20 | H35: 30 | I35: 20 | J35: 30 | K35: 0 | L35: STOPPED | M35: =A35-A34 -> 0.050519943 | N35: =C35-B35 -> -26.040773 | O35: =ABS(N35)*M35 -> 1.3155784 | P35: =N35^2 * M35 -> 34.258679 | Q35: =IF(C35<>C34, "OSCILLATION", "--") -> --
A36: 1.7646171e+09 | B36: 46.654105 | C36: 20 | D36: 0 | E36: 0 | F36: 0 | G36: 20 | H36: 30 | I36: 20 | J36: 30 | K36: 0 | L36: STOPPED | M36: =A36-A35 -> 0.050140142 | N36: =C36-B36 -> -26.654105 | O36: =ABS(N36)*M36 -> 1.3364406 | P36: =N36^2 * M36 -> 35.621629 | Q36: =IF(C36<>C35, "OSCILLATION", "--") -> --
A37: 1.7646171e+09 | B37: 46.183884 | C37: 20 | D37: 0 | E37: 0 | F37: 0 | G37: 20 | H37: 30 | I37: 20 | J37: 30 | K37: 0 | L37: STOPPED | M37: =A37-A36 -> 0.050080061 | N37: =C37-B37 -> -26.183884 | O37: =ABS(N37)*M37 -> 1.3112905 | P37: =N37^2 * M37 -> 34.334679 | Q37: =IF(C37<>C36, "OSCILLATION", "--") -> --
A38: 1.7646171e+09 | B38: 46.457839 | C38: 20 | D38: 0 | E38: 0 | F38: 0 | G38: 20 | H38: 30 | I38: 20 | J38: 30 | K38: 0 | L38: STOPPED | M38: =A38-A37 -> 0.051189899 | N38: =C38-B38 -> -26.457839 | O38: =ABS(N38)*M38 -> 1.3543741 | P38: =N38^2 * M38 -> 35.833812 | Q38: =IF(C38<>C37, "OSCILLATION", "--") -> --
A39: 1.7646171e+09 | B39: 47.005749 | C39: 20 | D39: 0 | E39: 0 | F39: 0 | G39: 20 | H39: 30 | I39: 20 | J39: 30 | K39: 0 | L39: STOPPED | M39: =A39-A38 -> 0.049449921 | N39: =C39-B39 -> -27.005749 | O39: =ABS(N39)*M39 -> 1.3354321 | P39: =N39^2 * M39 -> 36.064345 | Q39: =IF(C39<>C38, "OSCILLATION", "--") -> --
A40: 1.7646171e+09 | B40: 46.633661 | C40: 20 | D40: 0 | E40: 0 | F40: 0 | G40: 20 | H40: 30 | I40: 20 | J40: 30 | K40: 0 | L40: STOPPED | M40: =A40-A39 -> 0.050680161 | N40: =C40-B40 -> -26.633661 | O40: =ABS(N40)*M40 -> 1.3497982 | P40: =N40^2 * M40 -> 35.950068 | Q40: =IF(C40<>C39, "OSCILLATION", "--") -> --
A41: 1.7646171e+09 | B41: 47.856236 | C41: 20 | D41: 0 | E41: 0 | F41: 0 | G41: 20 | H41: 30 | I41: 20 | J41: 30 | K41: 0 | L41: STOPPED | M41: =A41-A40 -> 0.050119877 | N41: =C41-B41 -> -27.856236 | O41: =ABS(N41)*M41 -> 1.3961511 | P41: =N41^2 * M41 -> 38.891514 | Q41: =IF(C41<>C40, "OSCILLATION", "--") -> --
A42: 1.7646171e+09 | B42: 47.034371 | C42: 20 | D42: 0 | E42: 0 | F42: 0 | G42: 20 | H42: 30 | I42: 20 | J42: 30 | K42: 0 | L42: STOPPED | M42: =A42-A41 -> 0.049940109 | N42: =C42-B42 -> -27.034371 | O42: =ABS(N42)*M42 -> 1.3500994 | P42: =N42^2 * M42 -> 36.499089 | Q42: =IF(C42<>C41, "OSCILLATION", "--") -> --
A43: 1.7646171e+09 | B43: 47.03846 | C43: 20 | D43: 0 | E43: 0 | F43: 0 | G43: 20 | H43: 30 | I43: 20 | J43: 30 | K43: 0 | L43: STOPPED | M43: =A43-A42 -> 0.049679995 | N43: =C43-B43 -> -27.03846 | O43: =ABS(N43)*M43 -> 1.3432705 | P43: =N43^2 * M43 -> 36.319966 | Q43: =IF(C43<>C42, "OSCILLATION", "--") -> --
A44: 1.7646171e+09 | B44: 47.921658 | C44: 20 | D44: 0 | E44: 0 | F44: 0 | G44: 20 | H44: 30 | I44: 20 | J44: 30 | K44: 0 | L44: STOPPED | M44: =A44-A43 -> 0.052379847 | N44: =C44-B44 -> -27.921658 | O44: =ABS(N44)*M44 -> 1.4625321 | P44: =N44^2 * M44 -> 40.836322 | Q44: =IF(C44<>C43, "OSCILLATION", "--") -> --
... A81: 1.7646171e+09 | B81: 58.626342 | C81: 20 | D81: 0 | E81: 0 | F81: 0 | G81: 20 | H81: 30 | I81: 20 | J81: 30 | K81: 0 | L81: STOPPED | M81: =A81-A80 -> 0.050479889 | N81: =C81-B81 -> -38.626342 | O81: =ABS(N81)*M81 -> 1.9498534 | P81: =N81^2 * M81 -> 75.315706 | Q81: =IF(C81<>C80, "OSCILLATION", "--") -> --
A82: 1.7646171e+09 | B82: 48.068857 | C82: 30 | D82: 255 | E82: 0 | F82: 0 | G82: 20 | H82: 30 | I82: 20 | J82: 20 | K82: 16.612836122512817 | L82: RUNNING | M82: =A82-A81 -> 0.049849987 | N82: =C82-B82 -> -18.068857 | O82: =ABS(N82)*M82 -> 0.9007323 | P82: =N82^2 * M82 -> 16.275203 | Q82: =IF(C82<>C81, "OSCILLATION", "--") -> OSCILLATION
A83: 1.7646171e+09 | B83: 47.242904 | C83: 30 | D83: 255 | E83: 0 | F83: 0 | G83: 20 | H83: 30 | I83: 20 | J83: 20 | K83: 16.562795162200928 | L83: RUNNING | M83: =A83-A82 -> 0.04982996 | N83: =C83-B83 -> -17.242904 | O83: =ABS(N83)*M83 -> 0.8592132 | P83: =N83^2 * M83 -> 14.81533 | Q83: =IF(C83<>C82, "OSCILLATION", "--") -> --
A84: 1.7646171e+09 | B84: 47.659969 | C84: 30 | D84: 255 | E84: 0 | F84: 0 | G84: 20 | H84: 30 | I84: 20 | J84: 20 | K84: 16.511663675308228 | L84: RUNNING | M84: =A84-A83 -> 0.051259995 | N84: =C84-B84 -> -17.659969 | O84: =ABS(N84)*M84 -> 0.90524993 | P84: =N84^2 * M84 -> 15.986686 | Q84: =IF(C84<>C83, "OSCILLATION", "--") -> --
A85: 1.7646171e+09 | B85: 47.054815 | C85: 30 | D85: 255 | E85: 0 | F85: 0 | G85: 20 | H85: 30 | I85: 20 | J85: 20 | K85: 16.461795568466187 | L85: RUNNING | M85: =A85-A84 -> 0.049710035 | N85: =C85-B85 -> -17.054815 | O85: =ABS(N85)*M85 -> 0.84779547 | P85: =N85^2 * M85 -> 14.458995 | Q85: =IF(C85<>C84, "OSCILLATION", "--") -> --
A86: 1.7646171e+09 | B86: 47.222459 | C86: 30 | D86: 255 | E86: 0 | F86: 0 | G86: 20 | H86: 30 | I86: 20 | J86: 20 | K86: 16.411431074142456 | L86: RUNNING | M86: =A86-A85 -> 0.050420046 | N86: =C86-B86 -> -17.222459 | O86: =ABS(N86)*M86 -> 0.86835719 | P86: =N86^2 * M86 -> 14.955246 | Q86: =IF(C86<>C85, "OSCILLATION", "--") -> --
A87: 1.7646171e+09 | B87: 47.087526 | C87: 30 | D87: 255 | E87: 0 | F87: 0 | G87: 20 | H87: 30 | I87: 20 | J87: 20 | K87: 16.36130142211914 | L87: RUNNING | M87: =A87-A86 -> 0.05031991 | N87: =C87-B87 -> -17.087526 | O87: =ABS(N87)*M87 -> 0.85984279 | P87: =N87^2 * M87 -> 14.692586 | Q87: =IF(C87<>C86, "OSCILLATION", "--") -> --
A88: 1.7646171e+09 | B88: 46.05304 | C88: 30 | D88: 255 | E88: 0 | F88: 0 | G88: 20 | H88: 30 | I88: 20 | J88: 20 | K88: 16.31110119819641 | L88: RUNNING | M88: =A88-A87 -> 0.050730228 | N88: =C88-B88 -> -16.05304 | O88: =ABS(N88)*M88 -> 0.81437439 | P88: =N88^2 * M88 -> 13.073185 | Q88: =IF(C88<>C87, "OSCILLATION", "--") -> --
A89: 1.7646171e+09 | B89: 47.451437 | C89: 30 | D89: 255 | E89: 0 | F89: 0 | G89: 20 | H89: 30 | I89: 20 | J89: 20 | K89: 16.260875463485718 | L89: RUNNING | M89: =A89-A88 -> 0.049489975 | N89: =C89-B89 -> -17.451437 | O89: =ABS(N89)*M89 -> 0.86367116 | P89: =N89^2 * M89 -> 15.072302 | Q89: =IF(C89<>C88, "OSCILLATION", "--") -> --
A90: 1.7646171e+09 | B90: 47.287881 | C90: 30 | D90: 255 | E90: 0 | F90: 0 | G90: 20 | H90: 30 | I90: 20 | J90: 20 | K90: 16.21012306213379 | L90: RUNNING | M90: =A90-A89 -> 0.050839901 | N90: =C90-B90 -> -17.287881 | O90: =ABS(N90)*M90 -> 0.87891418 | P90: =N90^2 * M90 -> 15.194564 | Q90: =IF(C90<>C89, "OSCILLATION", "--") -> --
A91: 1.7646171e+09 | B91: 46.858549 | C91: 30 | D91: 255 | E91: 0 | F91: 0 | G91: 20 | H91: 30 | I91: 20 | J91: 20 | K91: 16.160595417022705 | L91: RUNNING | M91: =A91-A90 -> 0.049530029 | N91: =C91-B91 -> -16.858549 | O91: =ABS(N91)*M91 -> 0.83500443 | P91: =N91^2 * M91 -> 14.076963 | Q91: =IF(C91<>C90, "OSCILLATION", "--") -> --
A92: 1.7646171e+09 | B92: 46.245217 | C92: 30 | D92: 255 | E92: 0 | F92: 0 | G92: 20 | H92: 30 | I92: 20 | J92: 20 | K92: 16.110135793685913 | L92: RUNNING | M92: =A92-A91 -> 0.050519943 | N92: =C92-B92 -> -16.245217 | O92: =ABS(N92)*M92 -> 0.82070746 | P92: =N92^2 * M92 -> 13.332571 | Q92: =IF(C92<>C91, "OSCILLATION", "--") -> --
A93: 1.7646171e+09 | B93: 46.821749 | C93: 30 | D93: 255 | E93: 0 | F93: 0 | G93: 20 | H93: 30 | I93: 20 | J93: 20 | K93: 16.060407400131226 | L93: RUNNING | M93: =A93-A92 -> 0.049410105 | N93: =C93-B93 -> -16.821749 | O93: =ABS(N93)*M93 -> 0.83116439 | P93: =N93^2 * M93 -> 13.981639 | Q93: =IF(C93<>C92, "OSCILLATION", "--") -> --
... A140: 1.7646171e+09 | B140: 40.676165 | C140: 30 | D140: 255 | E140: 0 | F140: 0 | G140: 20 | H140: 30 | I140: 20 | J140: 20 | K140: 13.702023983001709 | L140: RUNNING | M140: =A140-A139 -> 0.050320148 | N140: =C140-B140 -> -10.676165 | O140: =ABS(N140)*M140 -> 0.53722619 | P140: =N140^2 * M140 -> 5.7355152 | Q140: =IF(C140<>C139, "OSCILLATION", "--") -> --
A141: 1.7646171e+09 | B141: 40.725231 | C141: 30 | D141: 255 | E141: 0 | F141: 0 | G141: 20 | H141: 30 | I141: 20 | J141: 20 | K141: 13.651293 | L141: RUNNING | M141: =A141-A140 -> 0.050629854 | N141: =C141-B141 -> -10.725231 | O141: =ABS(N141)*M141 -> 0.54301689 | P141: =N141^2 * M141 -> 5.8239817 | Q141: =IF(C141<>C140, "OSCILLATION", "--") -> --
A142: 1.7646171e+09 | B142: 40.921497 | C142: 30 | D142: 255 | E142: 0 | F142: 0 | G142: 20 | H142: 30 | I142: 20 | J142: 20 | K142: 13.601619005203247 | L142: RUNNING | M142: =A142-A141 -> 0.049520016 | N142: =C142-B142 -> -10.921497 | O142: =ABS(N142)*M142 -> 0.54083272 | P142: =N142^2 * M142 -> 5.9067031 | Q142: =IF(C142<>C141, "OSCILLATION", "--") -> --
A143: 1.7646171e+09 | B143: 41.608429 | C143: 30 | D143: 255 | E143: 0 | F143: 0 | G143: 20 | H143: 30 | I143: 20 | J143: 20 | K143: 13.551563262939453 | L143: RUNNING | M143: =A143-A142 -> 0.050330162 | N143: =C143-B143 -> -11.608429 | O143: =ABS(N143)*M143 -> 0.58425411 | P143: =N143^2 * M143 -> 6.7822723 | Q143: =IF(C143<>C142, "OSCILLATION", "--") -> --
A144: 1.7646171e+09 | B144: 41.162741 | C144: 30 | D144: 255 | E144: 0 | F144: 0 | G144: 20 | H144: 30 | I144: 20 | J144: 20 | K144: 13.500570058822632 | L144: RUNNING | M144: =A144-A143 -> 0.051090002 | N144: =C144-B144 -> -11.162741 | O144: =ABS(N144)*M144 -> 0.57030447 | P144: =N144^2 * M144 -> 6.3661612 | Q144: =IF(C144<>C143, "OSCILLATION", "--") -> --
A145: 1.7646171e+09 | B145: 40.205944 | C145: 30 | D145: 255 | E145: 0 | F145: 0 | G145: 20 | H145: 30 | I145: 20 | J145: 20 | K145: 13.450809717178345 | L145: RUNNING | M145: =A145-A144 -> 0.049679995 | N145: =C145-B145 -> -10.205944 | O145: =ABS(N145)*M145 -> 0.50703122 | P145: =N145^2 * M145 -> 5.174732 | Q145: =IF(C145<>C144, "OSCILLATION", "--") -> --
A146: 1.7646171e+09 | B146: 41.375363 | C146: 30 | D146: 255 | E146: 0 | F146: 0 | G146: 20 | H146: 30 | I146: 20 | J146: 20 | K146: 13.39961 | L146: RUNNING | M146: =A146-A145 -> 0.051719904 | N146: =C146-B146 -> -11.375363 | O146: =ABS(N146)*M146 -> 0.58833268 | P146: =N146^2 * M146 -> 6.6924977 | Q146: =IF(C146<>C145, "OSCILLATION", "--") -> --
A147: 1.7646171e+09 | B147: 41.608429 | C147: 30 | D147: 255 | E147: 0 | F147: 0 | G147: 20 | H147: 30 | I147: 20 | J147: 20 | K147: 13.350502729415894 | L147: RUNNING | M147: =A147-A146 -> 0.048480034 | N147: =C147-B147 -> -11.608429 | O147: =ABS(N147)*M147 -> 0.56277703 | P147: =N147^2 * M147 -> 6.5329572 | Q147: =IF(C147<>C146, "OSCILLATION", "--") -> --
A148: 1.7646171e+09 | B148: 41.637051 | C148: 30 | D148: 255 | E148: 0 | F148: 0 | G148: 20 | H148: 30 | I148: 20 | J148: 20 | K148: 13.300164937973022 | L148: RUNNING | M148: =A148-A147 -> 0.050559998 | N148: =C148-B148 -> -11.637051 | O148: =ABS(N148)*M148 -> 0.58836928 | P148: =N148^2 * M148 -> 6.8468833 | Q148: =IF(C148<>C147, "OSCILLATION", "--") -> --
A149: 1.7646171e+09 | B149: 39.535367 | C149: 30 | D149: 255 | E149: 0 | F149: 0 | G149: 20 | H149: 30 | I149: 20 | J149: 20 | K149: 13.250104427337646 | L149: RUNNING | M149: =A149-A148 -> 0.049730062 | N149: =C149-B149 -> -9.5353675 | O149: =ABS(N149)*M149 -> 0.47419442 | P149: =N149^2 * M149 -> 4.5216181 | Q149: =IF(C149<>C148, "OSCILLATION", "--") -> --
A150: 1.7646171e+09 | B150: 40.275455 | C150: 30 | D150: 255 | E150: 0 | F150: 0 | G150: 20 | H150: 30 | I150: 20 | J150: 20 | K150: 13.19994568824768 | L150: RUNNING | M150: =A150-A149 -> 0.050119877 | N150: =C150-B150 -> -10.275455 | O150: =ABS(N150)*M150 -> 0.51500452 | P150: =N150^2 * M150 -> 5.2919055 | Q150: =IF(C150<>C149, "OSCILLATION", "--") -> --
A151: 1.7646171e+09 | B151: 39.523101 | C151: 30 | D151: 255 | E151: 0 | F151: 0 | G151: 20 | H151: 30 | I151: 20 | J151: 20 | K151: 13.149834156036377 | L151: RUNNING | M151: =A151-A150 -> 0.050140142 | N151: =C151-B151 -> -9.5231009 | O151: =ABS(N151)*M151 -> 0.47748963 | P151: =N151^2 * M151 -> 4.5471819 | Q151: =IF(C151<>C150, "OSCILLATION", "--") -> --
A152: 1.7646171e+09 | B152: 40.954208 | C152: 30 | D152: 255 | E152: 0 | F152: 0 | G152: 20 | H152: 30 | I152: 20 | J152: 20 | K152: 13.099570035934448 | L152: RUNNING | M152: =A152-A151 -> 0.05053997 | N152: =C152-B152 -> -10.954208 | O152: =ABS(N152)*M152 -> 0.55362537 | P152: =N152^2 * M152 -> 6.0645276 | Q152: =IF(C152<>C151, "OSCILLATION", "--") -> --
A153: 1.7646171e+09 | B153: 38.840258 | C153: 30 | D153: 255 | E153: 0 | F153: 0 | G153: 20 | H153: 30 | I153: 20 | J153: 20 | K153: 13.049331426620483 | L153: RUNNING | M153: =A153-A152 -> 0.050069809 | N153: =C153-B153 -> -8.8402581 | O153: =ABS(N153)*M153 -> 0.44263004 | P153: =N153^2 * M153 -> 3.9129638 | Q153: =IF(C153<>C152, "OSCILLATION", "--") -> --
A154: 1.7646171e+09 | B154: 38.386393 | C154: 30 | D154: 255 | E154: 0 | F154: 0 | G154: 20 | H154: 30 | I154: 20 | J154: 20 | K154: 12.998602390289307 | L154: RUNNING | M154: =A154-A153 -> 0.050700188 | N154: =C154-B154 -> -8.3863926 | O154: =ABS(N154)*M154 -> 0.42519168 | P154: =N154^2 * M154 -> 3.5658243 | Q154: =IF(C154<>C153, "OSCILLATION", "--") -> --
A155: 1.7646171e+09 | B155: 38.153327 | C155: 30 | D155: 255 | E155: 0 | F155: 0 | G155: 20 | H155: 30 | I155: 20 | J155: 20 | K155: 12.948469400405884 | L155: RUNNING | M155: =A155-A154 -> 0.050449848 | N155: =C155-B155 -> -8.1533265 | O155: =ABS(N155)*M155 -> 0.41133408 | P155: =N155^2 * M155 -> 3.3537411 | Q155: =IF(C155<>C154, "OSCILLATION", "--") -> --
A156: 1.7646171e+09 | B156: 39.56399 | C156: 30 | D156: 255 | E156: 0 | F156: 0 | G156: 20 | H156: 30 | I156: 20 | J156: 20 | K156: 12.898654222488403 | L156: RUNNING | M156: =A156-A155 -> 0.049390078 | N156: =C156-B156 -> -9.5639896 | O156: =ABS(N156)*M156 -> 0.47236619 | P156: =N156^2 * M156 -> 4.5177054 | Q156: =IF(C156<>C155, "OSCILLATION", "--") -> --
A157: 1.7646171e+09 | B157: 38.619459 | C157: 30 | D157: 255 | E157: 0 | F157: 0 | G157: 20 | H157: 30 | I157: 20 | J157: 20 | K157: 12.848816394805908 | L157: RUNNING | M157: =A157-A156 -> 0.049700022 | N157: =C157-B157 -> -8.6194587 | O157: =ABS(N157)*M157 -> 0.42838728 | P157: =N157^2 * M157 -> 3.6924665 | Q157: =IF(C157<>C156, "OSCILLATION", "--") -> --
A158: 1.7646171e+09 | B158: 38.627636 | C158: 30 | D158: 255 | E158: 0 | F158: 0 | G158: 20 | H158: 30 | I158: 20 | J158: 20 | K158: 12.798630714416504 | L158: RUNNING | M158: =A158-A157 -> 0.05024004 | N158: =C158-B158 -> -8.6276364 | O158: =ABS(N158)*M158 -> 0.4334528 | P158: =N158^2 * M158 -> 3.7396732 | Q158: =IF(C158<>C157, "OSCILLATION", "--") -> --
... A224: 1.7646172e+09 | B224: 30.535746 | C224: 30 | D224: 114 | E224: 0 | F224: 0 | G224: 20 | H224: 30 | I224: 20 | J224: 20 | K224: 9.485749244689941 | L224: RUNNING | M224: =A224-A223 -> 0.049429893 | N224: =C224-B224 -> -0.53574562 | O224: =ABS(N224)*M224 -> 0.026481849 | P224: =N224^2 * M224 -> 0.014187535 | Q224: =IF(C224<>C223, "OSCILLATION", "--") -> --
A225: 1.7646172e+09 | B225: 30.817878 | C225: 30 | D225: 165 | E225: 0 | F225: 0 | G225: 20 | H225: 30 | I225: 20 | J225: 20 | K225: 9.435292 | L225: RUNNING | M225: =A225-A224 -> 0.050559998 | N225: =C225-B225 -> -0.81787825 | O225: =ABS(N225)*M225 -> 0.041351922 | P225: =N225^2 * M225 -> 0.033820838 | Q225: =IF(C225<>C224, "OSCILLATION", "--") -> --
A226: 1.7646172e+09 | B226: 31.341255 | C226: 30 | D226: 165 | E226: 0 | F226: 0 | G226: 20 | H226: 30 | I226: 20 | J226: 20 | K226: 9.385360479354858 | L226: RUNNING | M226: =A226-A225 -> 0.049870014 | N226: =C226-B226 -> -1.3412547 | O226: =ABS(N226)*M226 -> 0.066888391 | P226: =N226^2 * M226 -> 0.08971437 | Q226: =IF(C226<>C225, "OSCILLATION", "--") -> --
A227: 1.7646172e+09 | B227: 30.282235 | C227: 30 | D227: 80 | E227: 0 | F227: 0 | G227: 20 | H227: 30 | I227: 20 | J227: 20 | K227: 9.335444211959839 | L227: RUNNING | M227: =A227-A226 -> 0.049730062 | N227: =C227-B227 -> -0.28223515 | O227: =ABS(N227)*M227 -> 0.014035571 | P227: =N227^2 * M227 -> 0.0039613315 | Q227: =IF(C227<>C226, "OSCILLATION", "--") -> --
A228: 1.7646172e+09 | B228: 30.057347 | C228: 30 | D228: 80 | E228: 0 | F228: 0 | G228: 20 | H228: 30 | I228: 20 | J228: 20 | K228: 9.285123109817505 | L228: RUNNING | M228: =A228-A227 -> 0.050450087 | N228: =C228-B228 -> -0.057346821 | O228: =ABS(N228)*M228 -> 0.0028931521 | P228: =N228^2 * M228 -> 0.00016591307 | Q228: =IF(C228<>C227, "OSCILLATION", "--") -> --
A229: 1.7646172e+09 | B229: 31.590676 | C229: 30 | D229: 255 | E229: 0 | F229: 0 | G229: 20 | H229: 30 | I229: 20 | J229: 20 | K229: 9.234892845153809 | L229: RUNNING | M229: =A229-A228 -> 0.050329924 | N229: =C229-B229 -> -1.5906763 | O229: =ABS(N229)*M229 -> 0.080058617 | P229: =N229^2 * M229 -> 0.12734735 | Q229: =IF(C229<>C228, "OSCILLATION", "--") -> --
A230: 1.7646172e+09 | B230: 31.598854 | C230: 30 | D230: 255 | E230: 0 | F230: 0 | G230: 20 | H230: 30 | I230: 20 | J230: 20 | K230: 9.184684038162231 | L230: RUNNING | M230: =A230-A229 -> 0.050159931 | N230: =C230-B230 -> -1.5988541 | O230: =ABS(N230)*M230 -> 0.08019841 | P230: =N230^2 * M230 -> 0.12822555 | Q230: =IF(C230<>C229, "OSCILLATION", "--") -> --
A231: 1.7646172e+09 | B231: 30.032814 | C231: 30 | D231: 255 | E231: 0 | F231: 0 | G231: 20 | H231: 30 | I231: 20 | J231: 20 | K231: 9.134790897369385 | L231: RUNNING | M231: =A231-A230 -> 0.049720049 | N231: =C231-B231 -> -0.032813549 | O231: =ABS(N231)*M231 -> 0.0016314913 | P231: =N231^2 * M231 -> 5.3535019e-05 | Q231: =IF(C231<>C230, "OSCILLATION", "--") -> --
A232: 1.7646172e+09 | B232: 30.30268 | C232: 30 | D232: 80 | E232: 0 | F232: 0 | G232: 20 | H232: 30 | I232: 20 | J232: 20 | K232: 9.084649324417114 | L232: RUNNING | M232: =A232-A231 -> 0.050139904 | N232: =C232-B232 -> -0.30267954 | O232: =ABS(N232)*M232 -> 0.015176323 | P232: =N232^2 * M232 -> 0.0045935625 | Q232: =IF(C232<>C231, "OSCILLATION", "--") -> --
A233: 1.7646172e+09 | B233: 30.576634 | C233: 30 | D233: 130 | E233: 0 | F233: 0 | G233: 20 | H233: 30 | I233: 20 | J233: 20 | K233: 9.034350156784058 | L233: RUNNING | M233: =A233-A232 -> 0.050430059 | N233: =C233-B233 -> -0.57663441 | O233: =ABS(N233)*M233 -> 0.029079707 | P233: =N233^2 * M233 -> 0.01676836 | Q233: =IF(C233<>C232, "OSCILLATION", "--") -> --
A234: 1.7646172e+09 | B234: 29.525793 | C234: 30 | D234: 80 | E234: 0 | F234: 0 | G234: 20 | H234: 30 | I234: 20 | J234: 20 | K234: 8.984096050262451 | L234: RUNNING | M234: =A234-A233 -> 0.050169945 | N234: =C234-B234 -> 0.4742074 | O234: =ABS(N234)*M234 -> 0.023790959 | P234: =N234^2 * M234 -> 0.011281849 | Q234: =IF(C234<>C233, "OSCILLATION", "--") -> --
A235: 1.7646172e+09 | B235: 31.079566 | C235: 30 | D235: 236 | E235: 0 | F235: 0 | G235: 20 | H235: 30 | I235: 20 | J235: 20 | K235: 8.932172298431396 | L235: RUNNING | M235: =A235-A234 -> 0.0520401 | N235: =C235-B235 -> -1.0795665 | O235: =ABS(N235)*M235 -> 0.056180748 | P235: =N235^2 * M235 -> 0.060650852 | Q235: =IF(C235<>C234, "OSCILLATION", "--") -> --
A236: 1.7646172e+09 | B236: 31.083655 | C236: 30 | D236: 199 | E236: 0 | F236: 0 | G236: 20 | H236: 30 | I236: 20 | J236: 20 | K236: 8.882029294967651 | L236: RUNNING | M236: =A236-A235 -> 0.050149918 | N236: =C236-B236 -> -1.0836554 | O236: =ABS(N236)*M236 -> 0.054345227 | P236: =N236^2 * M236 -> 0.058891496 | Q236: =IF(C236<>C235, "OSCILLATION", "--") -> --
A237: 1.7646172e+09 | B237: 30.826056 | C237: 30 | D237: 154 | E237: 0 | F237: 0 | G237: 20 | H237: 30 | I237: 20 | J237: 20 | K237: 8.831905841827393 | L237: RUNNING | M237: =A237-A236 -> 0.050060034 | N237: =C237-B237 -> -0.826056 | O237: =ABS(N237)*M237 -> 0.041352391 | P237: =N237^2 * M237 -> 0.034159391 | Q237: =IF(C237<>C236, "OSCILLATION", "--") -> --
... A239: 1.7646172e+09 | B239: 31.0673 | C239: 30 | D239: 196 | E239: 0 | F239: 0 | G239: 20 | H239: 30 | I239: 20 | J239: 20 | K239: 8.731494903564453 | L239: RUNNING | M239: =A239-A238 -> 0.050519943 | N239: =C239-B239 -> -1.0672998 | O239: =ABS(N239)*M239 -> 0.053919927 | P239: =N239^2 * M239 -> 0.05754873 | Q239: =IF(C239<>C238, "OSCILLATION", "--") -> --
A240: 1.7646172e+09 | B240: 30.821967 | C240: 30 | D240: 154 | E240: 0 | F240: 0 | G240: 20 | H240: 30 | I240: 20 | J240: 20 | K240: 8.6813698 | L240: RUNNING | M240: =A240-A239 -> 0.050580025 | N240: =C240-B240 -> -0.82196712 | O240: =ABS(N240)*M240 -> 0.041575117 | P240: =N240^2 * M240 -> 0.03417338 | Q240: =IF(C240<>C239, "OSCILLATION", "--") -> --
A241: 1.7646172e+09 | B241: 30.306768 | C241: 30 | D241: 80 | E241: 0 | F241: 0 | G241: 20 | H241: 30 | I241: 20 | J241: 20 | K241: 8.631293296813965 | L241: RUNNING | M241: =A241-A240 -> 0.049280167 | N241: =C241-B241 -> -0.30676842 | O241: =ABS(N241)*M241 -> 0.015117599 | P241: =N241^2 * M241 -> 0.0046376018 | Q241: =IF(C241<>C240, "OSCILLATION", "--") -> --
A242: 1.7646172e+09 | B242: 30.576634 | C242: 30 | D242: 130 | E242: 0 | F242: 0 | G242: 20 | H242: 30 | I242: 20 | J242: 20 | K242: 8.581270456314087 | L242: RUNNING | M242: =A242-A241 -> 0.050029993 | N242: =C242-B242 -> -0.57663441 | O242: =ABS(N242)*M242 -> 0.028849015 | P242: =N242^2 * M242 -> 0.016635335 | Q242: =IF(C242<>C241, "OSCILLATION", "--") -> --
A243: 1.7646172e+09 | B243: 30.55619 | C243: 30 | D243: 120 | E243: 0 | F243: 0 | G243: 20 | H243: 30 | I243: 20 | J243: 20 | K243: 8.531063318252563 | L243: RUNNING | M243: =A243-A242 -> 0.05053997 | N243: =C243-B243 -> -0.55619001 | O243: =ABS(N243)*M243 -> 0.028109827 | P243: =N243^2 * M243 -> 0.015634405 | Q243: =IF(C243<>C242, "OSCILLATION", "--") -> --
A244: 1.7646172e+09 | B244: 29.521704 | C244: 30 | D244: 80 | E244: 0 | F244: 0 | G244: 20 | H244: 30 | I244: 20 | J244: 20 | K244: 8.480530023574829 | L244: RUNNING | M244: =A244-A243 -> 0.050459862 | N244: =C244-B244 -> 0.47829628 | O244: =ABS(N244)*M244 -> 0.024134764 | P244: =N244^2 * M244 -> 0.011543568 | Q244: =IF(C244<>C243, "OSCILLATION", "--") -> --
A245: 1.7646172e+09 | B245: 30.55619 | C245: 30 | D245: 80 | E245: 0 | F245: 0 | G245: 20 | H245: 30 | I245: 20 | J245: 20 | K245: 8.430683135986328 | L245: RUNNING | M245: =A245-A244 -> 0.049620152 | N245: =C245-B245 -> -0.55619001 | O245: =ABS(N245)*M245 -> 0.027598233 | P245: =N245^2 * M245 -> 0.015349861 | Q245: =IF(C245<>C244, "OSCILLATION", "--") -> --
A246: 1.7646172e+09 | B246: 30.294502 | C246: 30 | D246: 100 | E246: 0 | F246: 0 | G246: 20 | H246: 30 | I246: 20 | J246: 20 | K246: 8.380077838897705 | L246: RUNNING | M246: =A246-A245 -> 0.051059961 | N246: =C246-B246 -> -0.29450178 | O246: =ABS(N246)*M246 -> 0.01503725 | P246: =N246^2 * M246 -> 0.0044284968 | Q246: =IF(C246<>C245, "OSCILLATION", "--") -> --
A247: 1.7646172e+09 | B247: 30.59299 | C247: 30 | D247: 133 | E247: 0 | F247: 0 | G247: 20 | H247: 30 | I247: 20 | J247: 20 | K247: 8.330032587051392 | L247: RUNNING | M247: =A247-A246 -> 0.050519943 | N247: =C247-B247 -> -0.59298992 | O247: =ABS(N247)*M247 -> 0.029957817 | P247: =N247^2 * M247 -> 0.017764684 | Q247: =IF(C247<>C246, "OSCILLATION", "--") -> --
A248: 1.7646172e+09 | B248: 28.73255 | C248: 30 | D248: 80 | E248: 0 | F248: 0 | G248: 20 | H248: 30 | I248: 20 | J248: 20 | K248: 8.279782772064209 | L248: RUNNING | M248: =A248-A247 -> 0.050169945 | N248: =C248-B248 -> 1.2674499 | O248: =ABS(N248)*M248 -> 0.063587889 | P248: =N248^2 * M248 -> 0.080594461 | Q248: =IF(C248<>C247, "OSCILLATION", "--") -> --
...

Sheet sensor_log_iperf_tc
A1: timestamp | B1: distance | C1: setpoint | D1: duty | E1: delay_ms | F1: loss_rate | G1: osc_a | H1: osc_b | I1: osc_period | J1: next_setpoint | K1: switch_in | L1: pid_status | M1: Time Step (dt) | N1: Error (E) | O1: |E| * dt | P1: E^2 * dt
A2: 1.764617e+09 | B2: 47.672236 | C2: 20 | D2: 0 | E2: 0 | F2: 0 | G2: 20 | H2: 30 | I2: 20 | J2: 30 | K2: 0 | L2: STOPPED | M2: (Time Between Samples) | N2: (Instantaneous Tracking Error) | O2: (Instantaneous Area under the Absolute Error Curve) | P2: (Instantaneous Area under the Squared Error Curve)
A3: 1.764617e+09 | B3: 47.238815 | C3: 20 | D3: 0 | E3: 0 | F3: 0 | G3: 20 | H3: 30 | I3: 20 | J3: 30 | K3: 0 | L3: STOPPED | M3: =A3-A2 -> 0.046439886 | N3: =C3-B3 -> -27.238815 | O3: =ABS(N3)*M3 -> 1.2649675 | P3: =N3^2 * M3 -> 34.456214 | Q3: =IF(C3<>C2, "OSCILLATION", "--") -> -- | R3: SUM dt | S3: =SUM(M617:M1413) -> 39.99978
A4: 1.764617e+09 | B4: 46.437395 | C4: 20 | D4: 0 | E4: 0 | F4: 0 | G4: 20 | H4: 30 | I4: 20 | J4: 30 | K4: 0 | L4: STOPPED | M4: =A4-A3 -> 0.050080061 | N4: =C4-B4 -> -26.437395 | O4: =ABS(N4)*M4 -> 1.3239863 | P4: =N4^2 * M4 -> 35.002749 | Q4: =IF(C4<>C3, "OSCILLATION", "--") -> -- | R4: SUM E | S4: =SUM(N617:N1413) -> -781.88211
A5: 1.764617e+09 | B5: 46.641839 | C5: 20 | D5: 0 | E5: 0 | F5: 0 | G5: 20 | H5: 30 | I5: 20 | J5: 30 | K5: 0 | L5: STOPPED | M5: =A5-A4 -> 0.050250053 | N5: =C5-B5 -> -26.641839 | O5: =ABS(N5)*M5 -> 1.3387538 | P5: =N5^2 * M5 -> 35.666863 | Q5: =IF(C5<>C4, "OSCILLATION", "--") -> -- | R5: ="SUM "&O1 -> SUM |E| * dt | S5: =SUM(O617:O1413) -> 73.664053 | T5: Total Integral Absolute Error (IAE)
A6: 1.764617e+09 | B6: 47.042549 | C6: 20 | D6: 0 | E6: 0 | F6: 0 | G6: 20 | H6: 30 | I6: 20 | J6: 30 | K6: 0 | L6: STOPPED | M6: =A6-A5 -> 0.051290035 | N6: =C6-B6 -> -27.042549 | O6: =ABS(N6)*M6 -> 1.3870133 | P6: =N6^2 * M6 -> 37.508374 | Q6: =IF(C6<>C5, "OSCILLATION", "--") -> -- | R6: ="SUM "&P1 -> SUM E^2 * dt | S6: =SUM(P617:P1413) -> 411.3435 | T6: Total Integral Squared Error (ISE)
A7: 1.764617e+09 | B7: 48.522723 | C7: 20 | D7: 0 | E7: 0 | F7: 0 | G7: 20 | H7: 30 | I7: 20 | J7: 30 | K7: 0 | L7: STOPPED | M7: =A7-A6 -> 0.052399874 | N7: =C7-B7 -> -28.522723 | O7: =ABS(N7)*M7 -> 1.4945871 | P7: =N7^2 * M7 -> 42.629693 | Q7: =IF(C7<>C6, "OSCILLATION", "--") -> --
A8: 1.764617e+09 | B8: 46.654105 | C8: 20 | D8: 0 | E8: 0 | F8: 0 | G8: 20 | H8: 30 | I8: 20 | J8: 30 | K8: 0 | L8: STOPPED | M8: =A8-A7 -> 0.047120094 | N8: =C8-B8 -> -26.654105 | O8: =ABS(N8)*M8 -> 1.2559439 | P8: =N8^2 * M8 -> 33.476062 | Q8: =IF(C8<>C7, "OSCILLATION", "--") -> -- | R8: OSCILLATION | S8: A->B
A9: 1.764617e+09 | B9: 48.919344 | C9: 20 | D9: 0 | E9: 0 | F9: 0 | G9: 20 | H9: 30 | I9: 20 | J9: 30 | K9: 0 | L9: STOPPED | M9: =A9-A8 -> 0.050349951 | N9: =C9-B9 -> -28.919344 | O9: =ABS(N9)*M9 -> 1.4560875 | P9: =N9^2 * M9 -> 42.109097 | Q9: =IF(C9<>C8, "OSCILLATION", "--") -> -- | R9: Rows: | S9: 1016:1413
A10: 1.764617e+09 | B10: 47.238815 | C10: 20 | D10: 0 | E10: 0 | F10: 0 | G10: 20 | H10: 30 | I10: 20 | J10: 30 | K10: 0 | L10: STOPPED | M10: =A10-A9 -> 0.049520016 | N10: =C10-B10 -> -27.238815 | O10: =ABS(N10)*M10 -> 1.3488665 | P10: =N10^2 * M10 -> 36.741526 | Q10: =IF(C10<>C9, "OSCILLATION", "--") -> -- | R10: SP_new | S10: =30 -> 30
A11: 1.764617e+09 | B11: 48.853922 | C11: 20 | D11: 0 | E11: 0 | F11: 0 | G11: 20 | H11: 30 | I11: 20 | J11: 30 | K11: 0 | L11: STOPPED | M11: =A11-A10 -> 0.050230026 | N11: =C11-B11 -> -28.853922 | O11: =ABS(N11)*M11 -> 1.4493333 | P11: =N11^2 * M11 -> 41.818948 | Q11: =IF(C11<>C10, "OSCILLATION", "--") -> -- | R11: PV_peak | S11: =_xlfn.MAXIFS(B1016:B1413, B1016:B1413, "<60") -> 34.117603
A12: 1.764617e+09 | B12: 47.03846 | C12: 20 | D12: 0 | E12: 0 | F12: 0 | G12: 20 | H12: 30 | I12: 20 | J12: 30 | K12: 0 | L12: STOPPED | M12: =A12-A11 -> 0.050420046 | N12: =C12-B12 -> -27.03846 | O12: =ABS(N12)*M12 -> 1.3632804 | P12: =N12^2 * M12 -> 36.861002 | Q12: =IF(C12<>C11, "OSCILLATION", "--") -> -- | R12: Overshoot (%) | S12: =(ABS(S11-S10)/S10)*100 -> 13.725344 | T12: A lower percentage here means less overshoot/better stability.
A13: 1.764617e+09 | B13: 42.438471 | C13: 20 | D13: 0 | E13: 0 | F13: 0 | G13: 20 | H13: 30 | I13: 20 | J13: 30 | K13: 0 | L13: STOPPED | M13: =A13-A12 -> 0.051379919 | N13: =C13-B13 -> -22.438471 | O13: =ABS(N13)*M13 -> 1.1528868 | P13: =N13^2 * M13 -> 25.869018 | Q13: =IF(C13<>C12, "OSCILLATION", "--") -> --
A14: 1.764617e+09 | B14: 47.843969 | C14: 20 | D14: 0 | E14: 0 | F14: 0 | G14: 20 | H14: 30 | I14: 20 | J14: 30 | K14: 0 | L14: STOPPED | M14: =A14-A13 -> 0.049920082 | N14: =C14-B14 -> -27.843969 | O14: =ABS(N14)*M14 -> 1.3899732 | P14: =N14^2 * M14 -> 38.702371 | Q14: =IF(C14<>C13, "OSCILLATION", "--") -> -- | R14: Fall Time: | S14: =S19-S18 -> 1.6561501 | T14: A lower time here means faster response to the "fan off" command.
A15: 1.764617e+09 | B15: 46.625483 | C15: 20 | D15: 0 | E15: 0 | F15: 0 | G15: 20 | H15: 30 | I15: 20 | J15: 30 | K15: 0 | L15: STOPPED | M15: =A15-A14 -> 0.050119877 | N15: =C15-B15 -> -26.625483 | O15: =ABS(N15)*M15 -> 1.3344659 | P15: =N15^2 * M15 -> 35.5308 | Q15: =IF(C15<>C14, "OSCILLATION", "--") -> -- | R15: Total Change (cm) | S15: =30-20 -> 10
A16: 1.764617e+09 | B16: 47.03846 | C16: 20 | D16: 0 | E16: 0 | F16: 0 | G16: 20 | H16: 30 | I16: 20 | J16: 30 | K16: 0 | L16: STOPPED | M16: =A16-A15 -> 0.050100088 | N16: =C16-B16 -> -27.03846 | O16: =ABS(N16)*M16 -> 1.3546292 | P16: =N16^2 * M16 -> 36.627088 | Q16: =IF(C16<>C15, "OSCILLATION", "--") -> -- | R16: 10% Point (PV_10) (cm) | S16: =20+(10*0.1) -> 21
A17: 1.764617e+09 | B17: 47.905302 | C17: 20 | D17: 0 | E17: 0 | F17: 0 | G17: 20 | H17: 30 | I17: 20 | J17: 30 | K17: 0 | L17: STOPPED | M17: =A17-A16 -> 0.051280022 | N17: =C17-B17 -> -27.905302 | O17: =ABS(N17)*M17 -> 1.4309845 | P17: =N17^2 * M17 -> 39.932055 | Q17: =IF(C17<>C16, "OSCILLATION", "--") -> -- | R17: 90% Point (PV_90) (cm) | S17: =20+(10*0.9) -> 29
A18: 1.764617e+09 | B18: 47.631347 | C18: 20 | D18: 0 | E18: 0 | F18: 0 | G18: 20 | H18: 30 | I18: 20 | J18: 30 | K18: 0 | L18: STOPPED | M18: =A18-A17 -> 0.049170017 | N18: =C18-B18 -> -27.631347 | O18: =ABS(N18)*M18 -> 1.3586338 | P18: =N18^2 * M18 -> 37.540883 | Q18: =IF(C18<>C17, "OSCILLATION", "--") -> -- | R18: Time at 10% | S18: =A1025 -> 1.764617e+09 | T18: Row 1025 | U18: (First row after setpoint change where distance ≥ 21)
A19: 1.764617e+09 | B19: 47.022104 | C19: 20 | D19: 0 | E19: 0 | F19: 0 | G19: 20 | H19: 30 | I19: 20 | J19: 30 | K19: 0 | L19: STOPPED | M19: =A19-A18 -> 0.050619841 | N19: =C19-B19 -> -27.022104 | O19: =ABS(N19)*M19 -> 1.3678546 | P19: =N19^2 * M19 -> 36.96231 | Q19: =IF(C19<>C18, "OSCILLATION", "--") -> -- | R19: Time at 90% | S19: =A1058 -> 1.764617e+09 | T19: Row 1058 | U19: (First row after setpoint change where distance ≥ 29)
A20: 1.764617e+09 | B20: 47.230637 | C20: 20 | D20: 0 | E20: 0 | F20: 0 | G20: 20 | H20: 30 | I20: 20 | J20: 30 | K20: 0 | L20: STOPPED | M20: =A20-A19 -> 0.049329996 | N20: =C20-B20 -> -27.230637 | O20: =ABS(N20)*M20 -> 1.3432872 | P20: =N20^2 * M20 -> 36.578567 | Q20: =IF(C20<>C19, "OSCILLATION", "--") -> --
A21: 1.764617e+09 | B21: 47.831702 | C21: 20 | D21: 0 | E21: 0 | F21: 0 | G21: 20 | H21: 30 | I21: 20 | J21: 30 | K21: 0 | L21: STOPPED | M21: =A21-A20 -> 0.049999952 | N21: =C21-B21 -> -27.831702 | O21: =ABS(N21)*M21 -> 1.3915838 | P21: =N21^2 * M21 -> 38.730146 | Q21: =IF(C21<>C20, "OSCILLATION", "--") -> -- | R21: OSCILLATION | S21: B->A
A22: 1.764617e+09 | B22: 47.022104 | C22: 20 | D22: 0 | E22: 0 | F22: 0 | G22: 20 | H22: 30 | I22: 20 | J22: 30 | K22: 0 | L22: STOPPED | M22: =A22-A21 -> 0.050300121 | N22: =C22-B22 -> -27.022104 | O22: =ABS(N22)*M22 -> 1.3592151 | P22: =N22^2 * M22 -> 36.728853 | Q22: =IF(C22<>C21, "OSCILLATION", "--") -> -- | R22: Rows: | S22: 617:1015
A23: 1.764617e+09 | B23: 47.034371 | C23: 20 | D23: 0 | E23: 0 | F23: 0 | G23: 20 | H23: 30 | I23: 20 | J23: 30 | K23: 0 | L23: STOPPED | M23: =A23-A22 -> 0.050359964 | N23: =C23-B23 -> -27.034371 | O23: =ABS(N23)*M23 -> 1.36145 | P23: =N23^2 * M23 -> 36.805943 | Q23: =IF(C23<>C22, "OSCILLATION", "--") -> -- | R23: SP_new | S23: =20 -> 20
A24: 1.764617e+09 | B24: 46.466017 | C24: 20 | D24: 0 | E24: 0 | F24: 0 | G24: 20 | H24: 30 | I24: 20 | J24: 30 | K24: 0 | L24: STOPPED | M24: =A24-A23 -> 0.05133009 | N24: =C24-B24 -> -26.466017 | O24: =ABS(N24)*M24 -> 1.358503 | P24: =N24^2 * M24 -> 35.954163 | Q24: =IF(C24<>C23, "OSCILLATION", "--") -> -- | R24: PV_valley | S24: =MIN(B617:B1015) -> 18.943775
A25: 1.764617e+09 | B25: 47.005749 | C25: 20 | D25: 0 | E25: 0 | F25: 0 | G25: 20 | H25: 30 | I25: 20 | J25: 30 | K25: 0 | L25: STOPPED | M25: =A25-A24 -> 0.048799992 | N25: =C25-B25 -> -27.005749 | O25: =ABS(N25)*M25 -> 1.3178803 | P25: =N25^2 * M25 -> 35.590345 | Q25: =IF(C25<>C24, "OSCILLATION", "--") -> -- | R25: Overshoot (%) | S25: =(ABS(S24-S23)/S23)*100 -> 5.2811265 | T25: A lower percentage here means less undershoot/better stability.
A26: 1.764617e+09 | B26: 47.00166 | C26: 20 | D26: 0 | E26: 0 | F26: 0 | G26: 20 | H26: 30 | I26: 20 | J26: 30 | K26: 0 | L26: STOPPED | M26: =A26-A25 -> 0.049969912 | N26: =C26-B26 -> -27.00166 | O26: =ABS(N26)*M26 -> 1.3492706 | P26: =N26^2 * M26 -> 36.432545 | Q26: =IF(C26<>C25, "OSCILLATION", "--") -> --
A27: 1.764617e+09 | B27: 46.866727 | C27: 20 | D27: 0 | E27: 0 | F27: 0 | G27: 20 | H27: 30 | I27: 20 | J27: 30 | K27: 0 | L27: STOPPED | M27: =A27-A26 -> 0.050559998 | N27: =C27-B27 -> -26.866727 | O27: =ABS(N27)*M27 -> 1.3583816 | P27: =N27^2 * M27 -> 36.495269 | Q27: =IF(C27<>C26, "OSCILLATION", "--") -> -- | R27: Rise Time: | S27: =S32-S31 -> 2.4583499 | T27: A lower time here means faster response to the "fan on" command.
A28: 1.764617e+09 | B28: 47.635436 | C28: 20 | D28: 0 | E28: 0 | F28: 0 | G28: 20 | H28: 30 | I28: 20 | J28: 30 | K28: 0 | L28: STOPPED | M28: =A28-A27 -> 0.050329924 | N28: =C28-B28 -> -27.635436 | O28: =ABS(N28)*M28 -> 1.3908894 | P28: =N28^2 * M28 -> 38.437835 | Q28: =IF(C28<>C27, "OSCILLATION", "--") -> -- | R28: Total Change (cm) | S28: =30-20 -> 10
A29: 1.764617e+09 | B29: 48.02388 | C29: 20 | D29: 0 | E29: 0 | F29: 0 | G29: 20 | H29: 30 | I29: 20 | J29: 30 | K29: 0 | L29: STOPPED | M29: =A29-A28 -> 0.049930096 | N29: =C29-B29 -> -28.02388 | O29: =ABS(N29)*M29 -> 1.399235 | P29: =N29^2 * M29 -> 39.211993 | Q29: =IF(C29<>C28, "OSCILLATION", "--") -> -- | R29: 10% Point (PV_10) (cm) | S29: =30-(10*0.1) -> 29
A30: 1.764617e+09 | B30: 47.639525 | C30: 20 | D30: 0 | E30: 0 | F30: 0 | G30: 20 | H30: 30 | I30: 20 | J30: 30 | K30: 0 | L30: STOPPED | M30: =A30-A29 -> 0.051000118 | N30: =C30-B30 -> -27.639525 | O30: =ABS(N30)*M30 -> 1.409619 | P30: =N30^2 * M30 -> 38.961201 | Q30: =IF(C30<>C29, "OSCILLATION", "--") -> -- | R30: 90% Point (PV_90) (cm) | S30: =30-(10*0.9) -> 21
A31: 1.764617e+09 | B31: 46.032596 | C31: 20 | D31: 0 | E31: 0 | F31: 0 | G31: 20 | H31: 30 | I31: 20 | J31: 30 | K31: 0 | L31: STOPPED | M31: =A31-A30 -> 0.049179792 | N31: =C31-B31 -> -26.032596 | O31: =ABS(N31)*M31 -> 1.2802776 | P31: =N31^2 * M31 -> 33.32895 | Q31: =IF(C31<>C30, "OSCILLATION", "--") -> -- | R31: Time at 10% | S31: =A646 -> 1.764617e+09 | T31: Row 646 | U31: (First row after setpoint change where distance ≤ 29)
A32: 1.764617e+09 | B32: 47.067082 | C32: 20 | D32: 0 | E32: 0 | F32: 0 | G32: 20 | H32: 30 | I32: 20 | J32: 30 | K32: 0 | L32: STOPPED | M32: =A32-A31 -> 0.05072999 | N32: =C32-B32 -> -27.067082 | O32: =ABS(N32)*M32 -> 1.3731128 | P32: =N32^2 * M32 -> 37.166157 | Q32: =IF(C32<>C31, "OSCILLATION", "--") -> -- | R32: Time at 90% | S32: =A695 -> 1.764617e+09 | T32: Row 695 | U32: (First row after setpoint change where distance ≤ 21)
A33: 1.764617e+09 | B33: 47.030282 | C33: 20 | D33: 0 | E33: 0 | F33: 0 | G33: 20 | H33: 30 | I33: 20 | J33: 30 | K33: 0 | L33: STOPPED | M33: =A33-A32 -> 0.049960136 | N33: =C33-B33 -> -27.030282 | O33: =ABS(N33)*M33 -> 1.3504366 | P33: =N33^2 * M33 -> 36.502682 | Q33: =IF(C33<>C32, "OSCILLATION", "--") -> --
A34: 1.764617e+09 | B34: 48.224235 | C34: 20 | D34: 0 | E34: 0 | F34: 0 | G34: 20 | H34: 30 | I34: 20 | J34: 30 | K34: 0 | L34: STOPPED | M34: =A34-A33 -> 0.050109863 | N34: =C34-B34 -> -28.224235 | O34: =ABS(N34)*M34 -> 1.4143125 | P34: =N34^2 * M34 -> 39.917889 | Q34: =IF(C34<>C33, "OSCILLATION", "--") -> --
A35: 1.764617e+09 | B35: 46.52735 | C35: 20 | D35: 0 | E35: 0 | F35: 0 | G35: 20 | H35: 30 | I35: 20 | J35: 30 | K35: 0 | L35: STOPPED | M35: =A35-A34 -> 0.050130129 | N35: =C35-B35 -> -26.52735 | O35: =ABS(N35)*M35 -> 1.3298195 | P35: =N35^2 * M35 -> 35.276586 | Q35: =IF(C35<>C34, "OSCILLATION", "--") -> --
A36: 1.764617e+09 | B36: 47.610903 | C36: 20 | D36: 0 | E36: 0 | F36: 0 | G36: 20 | H36: 30 | I36: 20 | J36: 30 | K36: 0 | L36: STOPPED | M36: =A36-A35 -> 0.04982996 | N36: =C36-B36 -> -27.610903 | O36: =ABS(N36)*M36 -> 1.3758502 | P36: =N36^2 * M36 -> 37.988466 | Q36: =IF(C36<>C35, "OSCILLATION", "--") -> --
A37: 1.764617e+09 | B37: 46.821749 | C37: 20 | D37: 0 | E37: 0 | F37: 0 | G37: 20 | H37: 30 | I37: 20 | J37: 30 | K37: 0 | L37: STOPPED | M37: =A37-A36 -> 0.051300049 | N37: =C37-B37 -> -26.821749 | O37: =ABS(N37)*M37 -> 1.375957 | P37: =N37^2 * M37 -> 36.905575 | Q37: =IF(C37<>C36, "OSCILLATION", "--") -> --
A38: 1.764617e+09 | B38: 46.012151 | C38: 20 | D38: 0 | E38: 0 | F38: 0 | G38: 20 | H38: 30 | I38: 20 | J38: 30 | K38: 0 | L38: STOPPED | M38: =A38-A37 -> 0.049380064 | N38: =C38-B38 -> -26.012151 | O38: =ABS(N38)*M38 -> 1.2844817 | P38: =N38^2 * M38 -> 33.412132 | Q38: =IF(C38<>C37, "OSCILLATION", "--") -> --
A39: 1.764617e+09 | B39: 47.058904 | C39: 20 | D39: 0 | E39: 0 | F39: 0 | G39: 20 | H39: 30 | I39: 20 | J39: 30 | K39: 0 | L39: STOPPED | M39: =A39-A38 -> 0.050139904 | N39: =C39-B39 -> -27.058904 | O39: =ABS(N39)*M39 -> 1.3567309 | P39: =N39^2 * M39 -> 36.71165 | Q39: =IF(C39<>C38, "OSCILLATION", "--") -> --
A40: 1.764617e+09 | B40: 47.651792 | C40: 20 | D40: 0 | E40: 0 | F40: 0 | G40: 20 | H40: 30 | I40: 20 | J40: 30 | K40: 0 | L40: STOPPED | M40: =A40-A39 -> 0.05005002 | N40: =C40-B40 -> -27.651792 | O40: =ABS(N40)*M40 -> 1.3839727 | P40: =N40^2 * M40 -> 38.269325 | Q40: =IF(C40<>C39, "OSCILLATION", "--") -> --
A41: 1.764617e+09 | B41: 47.459614 | C41: 20 | D41: 0 | E41: 0 | F41: 0 | G41: 20 | H41: 30 | I41: 20 | J41: 30 | K41: 0 | L41: STOPPED | M41: =A41-A40 -> 0.050430059 | N41: =C41-B41 -> -27.459614 | O41: =ABS(N41)*M41 -> 1.38479 | P41: =N41^2 * M41 -> 38.025799 | Q41: =IF(C41<>C40, "OSCILLATION", "--") -> --
A42: 1.764617e+09 | B42: 46.596861 | C42: 20 | D42: 0 | E42: 0 | F42: 0 | G42: 20 | H42: 30 | I42: 20 | J42: 30 | K42: 0 | L42: STOPPED | M42: =A42-A41 -> 0.05012989 | N42: =C42-B42 -> -26.596861 | O42: =ABS(N42)*M42 -> 1.3332977 | P42: =N42^2 * M42 -> 35.461534 | Q42: =IF(C42<>C41, "OSCILLATION", "--") -> --
A43: 1.764617e+09 | B43: 47.03846 | C43: 20 | D43: 0 | E43: 0 | F43: 0 | G43: 20 | H43: 30 | I43: 20 | J43: 30 | K43: 0 | L43: STOPPED | M43: =A43-A42 -> 0.050960064 | N43: =C43-B43 -> -27.03846 | O43: =ABS(N43)*M43 -> 1.3778816 | P43: =N43^2 * M43 -> 37.255797 | Q43: =IF(C43<>C42, "OSCILLATION", "--") -> --
A44: 1.764617e+09 | B44: 47.238815 | C44: 20 | D44: 0 | E44: 0 | F44: 0 | G44: 20 | H44: 30 | I44: 20 | J44: 30 | K44: 0 | L44: STOPPED | M44: =A44-A43 -> 0.049809933 | N44: =C44-B44 -> -27.238815 | O44: =ABS(N44)*M44 -> 1.3567635 | P44: =N44^2 * M44 -> 36.956631 | Q44: =IF(C44<>C43, "OSCILLATION", "--") -> --
... A85: 1.764617e+09 | B85: 46.989393 | C85: 20 | D85: 0 | E85: 0 | F85: 0 | G85: 20 | H85: 30 | I85: 20 | J85: 30 | K85: 0 | L85: STOPPED | M85: =A85-A84 -> 0.049889803 | N85: =C85-B85 -> -26.989393 | O85: =ABS(N85)*M85 -> 1.3464955 | P85: =N85^2 * M85 -> 36.341097 | Q85: =IF(C85<>C84, "OSCILLATION", "--") -> --
A86: 1.764617e+09 | B86: 47.807169 | C86: 20 | D86: 255 | E86: 0 | F86: 0 | G86: 20 | H86: 30 | I86: 20 | J86: 30 | K86: 6.649583101272583 | L86: RUNNING | M86: =A86-A85 -> 0.050590038 | N86: =C86-B86 -> -27.807169 | O86: =ABS(N86)*M86 -> 1.4067657 | P86: =N86^2 * M86 -> 39.118173 | Q86: =IF(C86<>C85, "OSCILLATION", "--") -> --
A87: 1.764617e+09 | B87: 47.631347 | C87: 20 | D87: 255 | E87: 0 | F87: 0 | G87: 20 | H87: 30 | I87: 20 | J87: 30 | K87: 6.599053621292114 | L87: RUNNING | M87: =A87-A86 -> 0.050529957 | N87: =C87-B87 -> -27.631347 | O87: =ABS(N87)*M87 -> 1.3962108 | P87: =N87^2 * M87 -> 38.579185 | Q87: =IF(C87<>C86, "OSCILLATION", "--") -> --
A88: 1.764617e+09 | B88: 47.046638 | C88: 20 | D88: 255 | E88: 0 | F88: 0 | G88: 20 | H88: 30 | I88: 20 | J88: 30 | K88: 6.548709392547607 | L88: RUNNING | M88: =A88-A87 -> 0.050840139 | N88: =C88-B88 -> -27.046638 | O88: =ABS(N88)*M88 -> 1.3750548 | P88: =N88^2 * M88 -> 37.190609 | Q88: =IF(C88<>C87, "OSCILLATION", "--") -> --
A89: 1.764617e+09 | B89: 48.072946 | C89: 20 | D89: 255 | E89: 0 | F89: 0 | G89: 20 | H89: 30 | I89: 20 | J89: 30 | K89: 6.498405694961548 | L89: RUNNING | M89: =A89-A88 -> 0.049849987 | N89: =C89-B89 -> -28.072946 | O89: =ABS(N89)*M89 -> 1.399436 | P89: =N89^2 * M89 -> 39.286291 | Q89: =IF(C89<>C88, "OSCILLATION", "--") -> --
A90: 1.764617e+09 | B90: 47.022104 | C90: 20 | D90: 255 | E90: 0 | F90: 0 | G90: 20 | H90: 30 | I90: 20 | J90: 30 | K90: 6.448523759841919 | L90: RUNNING | M90: =A90-A89 -> 0.049929857 | N90: =C90-B90 -> -27.022104 | O90: =ABS(N90)*M90 -> 1.3492098 | P90: =N90^2 * M90 -> 36.458488 | Q90: =IF(C90<>C89, "OSCILLATION", "--") -> --
A91: 1.764617e+09 | B91: 46.621394 | C91: 20 | D91: 255 | E91: 0 | F91: 0 | G91: 20 | H91: 30 | I91: 20 | J91: 30 | K91: 6.398368835449219 | L91: RUNNING | M91: =A91-A90 -> 0.050060034 | N91: =C91-B91 -> -26.621394 | O91: =ABS(N91)*M91 -> 1.3326679 | P91: =N91^2 * M91 -> 35.477477 | Q91: =IF(C91<>C90, "OSCILLATION", "--") -> --
A92: 1.764617e+09 | B92: 47.422814 | C92: 20 | D92: 255 | E92: 0 | F92: 0 | G92: 20 | H92: 30 | I92: 20 | J92: 30 | K92: 6.3474467 | L92: RUNNING | M92: =A92-A91 -> 0.051259995 | N92: =C92-B92 -> -27.422814 | O92: =ABS(N92)*M92 -> 1.4056933 | P92: =N92^2 * M92 -> 38.548067 | Q92: =IF(C92<>C91, "OSCILLATION", "--") -> --
A93: 1.764617e+09 | B93: 47.03846 | C93: 20 | D93: 255 | E93: 0 | F93: 0 | G93: 20 | H93: 30 | I93: 20 | J93: 30 | K93: 6.296715021133423 | L93: RUNNING | M93: =A93-A92 -> 0.050670147 | N93: =C93-B93 -> -27.03846 | O93: =ABS(N93)*M93 -> 1.3700427 | P93: =N93^2 * M93 -> 37.043845 | Q93: =IF(C93<>C92, "OSCILLATION", "--") -> --
A94: 1.764617e+09 | B94: 47.251081 | C94: 20 | D94: 255 | E94: 0 | F94: 0 | G94: 20 | H94: 30 | I94: 20 | J94: 30 | K94: 6.246937036514282 | L94: RUNNING | M94: =A94-A93 -> 0.04941988 | N94: =C94-B94 -> -27.251081 | O94: =ABS(N94)*M94 -> 1.3467452 | P94: =N94^2 * M94 -> 36.700262 | Q94: =IF(C94<>C93, "OSCILLATION", "--") -> --
A95: 1.764617e+09 | B95: 46.797216 | C95: 20 | D95: 255 | E95: 0 | F95: 0 | G95: 20 | H95: 30 | I95: 20 | J95: 30 | K95: 6.196189880371094 | L95: RUNNING | M95: =A95-A94 -> 0.050980091 | N95: =C95-B95 -> -26.797216 | O95: =ABS(N95)*M95 -> 1.3661245 | P95: =N95^2 * M95 -> 36.608333 | Q95: =IF(C95<>C94, "OSCILLATION", "--") -> --
A96: 1.764617e+09 | B96: 46.204329 | C96: 20 | D96: 255 | E96: 0 | F96: 0 | G96: 20 | H96: 30 | I96: 20 | J96: 30 | K96: 6.145940542221069 | L96: RUNNING | M96: =A96-A95 -> 0.050250053 | N96: =C96-B96 -> -26.204329 | O96: =ABS(N96)*M96 -> 1.3167689 | P96: =N96^2 * M96 -> 34.505045 | Q96: =IF(C96<>C95, "OSCILLATION", "--") -> --
A97: 1.764617e+09 | B97: 45.443797 | C97: 20 | D97: 255 | E97: 0 | F97: 0 | G97: 20 | H97: 30 | I97: 20 | J97: 30 | K97: 6.096027135848999 | L97: RUNNING | M97: =A97-A96 -> 0.049880028 | N97: =C97-B97 -> -25.443797 | O97: =ABS(N97)*M97 -> 1.2691373 | P97: =N97^2 * M97 -> 32.291672 | Q97: =IF(C97<>C96, "OSCILLATION", "--") -> --
A98: 1.764617e+09 | B98: 44.576955 | C98: 20 | D98: 255 | E98: 0 | F98: 0 | G98: 20 | H98: 30 | I98: 20 | J98: 30 | K98: 6.045661687850952 | L98: RUNNING | M98: =A98-A97 -> 0.050209999 | N98: =C98-B98 -> -24.576955 | O98: =ABS(N98)*M98 -> 1.2340089 | P98: =N98^2 * M98 -> 30.328181 | Q98: =IF(C98<>C97, "OSCILLATION", "--") -> --
A99: 1.764617e+09 | B99: 45.803618 | C99: 20 | D99: 255 | E99: 0 | F99: 0 | G99: 20 | H99: 30 | I99: 20 | J99: 30 | K99: 5.995917081832886 | L99: RUNNING | M99: =A99-A98 -> 0.049589872 | N99: =C99-B99 -> -25.803618 | O99: =ABS(N99)*M99 -> 1.2795981 | P99: =N99^2 * M99 -> 33.018262 | Q99: =IF(C99<>C98, "OSCILLATION", "--") -> --
A100: 1.764617e+09 | B100: 45.852685 | C100: 20 | D100: 255 | E100: 0 | F100: 0 | G100: 20 | H100: 30 | I100: 20 | J100: 30 | K100: 5.944946527481079 | L100: RUNNING | M100: =A100-A99 -> 0.051130056 | N100: =C100-B100 -> -25.852685 | O100: =ABS(N100)*M100 -> 1.3218492 | P100: =N100^2 * M100 -> 34.173352 | Q100: =IF(C100<>C99, "OSCILLATION", "--") -> --
A101: 1.764617e+09 | B101: 44.605577 | C101: 20 | D101: 255 | E101: 0 | F101: 0 | G101: 20 | H101: 30 | I101: 20 | J101: 30 | K101: 5.895612478256226 | L101: RUNNING | M101: =A101-A100 -> 0.049299955 | N101: =C101-B101 -> -24.605577 | O101: =ABS(N101)*M101 -> 1.2130538 | P101: =N101^2 * M101 -> 29.84789 | Q101: =IF(C101<>C100, "OSCILLATION", "--") -> --
A102: 1.764617e+09 | B102: 43.779624 | C102: 20 | D102: 255 | E102: 0 | F102: 0 | G102: 20 | H102: 30 | I102: 20 | J102: 30 | K102: 5.845115423202515 | L102: RUNNING | M102: =A102-A101 -> 0.050450087 | N102: =C102-B102 -> -23.779624 | O102: =ABS(N102)*M102 -> 1.1996841 | P102: =N102^2 * M102 -> 28.528035 | Q102: =IF(C102<>C101, "OSCILLATION", "--") -> --
A103: 1.764617e+09 | B103: 43.832779 | C103: 20 | D103: 255 | E103: 0 | F103: 0 | G103: 20 | H103: 30 | I103: 20 | J103: 30 | K103: 5.794728994369507 | L103: RUNNING | M103: =A103-A102 -> 0.050379992 | N103: =C103-B103 -> -23.832779 | O103: =ABS(N103)*M103 -> 1.2006952 | P103: =N103^2 * M103 -> 28.615903 | Q103: =IF(C103<>C102, "OSCILLATION", "--") -> --
A104: 1.764617e+09 | B104: 42.978203 | C104: 20 | D104: 255 | E104: 0 | F104: 0 | G104: 20 | H104: 30 | I104: 20 | J104: 30 | K104: 5.745113849639893 | L104: RUNNING | M104: =A104-A103 -> 0.049429893 | N104: =C104-B104 -> -22.978203 | O104: =ABS(N104)*M104 -> 1.1358101 | P104: =N104^2 * M104 -> 26.098876 | Q104: =IF(C104<>C103, "OSCILLATION", "--") -> --
A105: 1.764617e+09 | B105: 42.986381 | C105: 20 | D105: 255 | E105: 0 | F105: 0 | G105: 20 | H105: 30 | I105: 20 | J105: 30 | K105: 5.6945217 | L105: RUNNING | M105: =A105-A104 -> 0.051010132 | N105: =C105-B105 -> -22.986381 | O105: =ABS(N105)*M105 -> 1.1725383 | P105: =N105^2 * M105 -> 26.952413 | Q105: =IF(C105<>C104, "OSCILLATION", "--") -> --
A106: 1.764617e+09 | B106: 42.745137 | C106: 20 | D106: 255 | E106: 0 | F106: 0 | G106: 20 | H106: 30 | I106: 20 | J106: 30 | K106: 5.643144369125366 | L106: RUNNING | M106: =A106-A105 -> 0.051459789 | N106: =C106-B106 -> -22.745137 | O106: =ABS(N106)*M106 -> 1.17046 | P106: =N106^2 * M106 -> 26.622273 | Q106: =IF(C106<>C105, "OSCILLATION", "--") -> --
A107: 1.764617e+09 | B107: 43.215358 | C107: 20 | D107: 255 | E107: 0 | F107: 0 | G107: 20 | H107: 30 | I107: 20 | J107: 30 | K107: 5.5943849086761475 | L107: RUNNING | M107: =A107-A106 -> 0.048270226 | N107: =C107-B107 -> -23.215358 | O107: =ABS(N107)*M107 -> 1.1206106 | P107: =N107^2 * M107 -> 26.015376 | Q107: =IF(C107<>C106, "OSCILLATION", "--") -> --
